Donna,Larson
Blake,Hermiston
Haskell,Jast
Cali,Kautzer
Landen,Hoppe
Derick,Jenkins
Kenton,Emard
Mireya,Rodriguez
Mac,Kuhlman
Nicolas,Schmeler
Maryjane,Conroy
Meghan,Grimes
Adolfo,Rowe
Aracely,Murray
Faye,Grady
Hilma,Witting
Delia,Jacobi
Jaden,Bruen
Geoffrey,Kuphal
Jakob,Friesen
Napoleon,Hayes
Mya,Kihn
Lourdes,Leannon
Izabella,Hansen
Alene,Turner
Rubye,Reichert
Reese,Little
Payton,Green
Emerson,Gleason
Stefan,Walker
Cory,Beier
Zackery,Marquardt
Claud,Mills
Lelah,Kub
General,Schumm
Sophie,Gleason
Maggie,Yundt
Leonel,Bayer
Carson,Gaylord
Barry,Becker
Ward,Jenkins
Vito,Haley
Josianne,Rosenbaum
Dawn,Schimmel
Tomas,Kunze
Lydia,Eichmann
Alessandro,Leuschke
Wade,Bergnaum
Lilian,Schaden
Annamae,Pfeffer
Brock,Bogisich
Riley,Davis
Nathanael,O'Conner
Rupert,Terry
Jakob,Kassulke
Esperanza,Konopelski
Alejandrin,Flatley
Gussie,Larkin
Maryjane,Moore
Seamus,Stracke
Eugenia,Auer
Tremayne,Schaden
Trey,Friesen
Jailyn,Bergnaum
Julian,Quigley
Ardith,Walter
Lavon,Wintheiser
Daphne,Smith
Birdie,Spencer
Daphney,Hyatt
Zola,Bednar
Deven,DuBuque
Eva,Cruickshank
Cristopher,Hoeger
Jacky,Schowalter
Deontae,Medhurst
Burdette,Ledner
Valentine,Swaniawski
Joyce,DuBuque
Verna,Dibbert
Clint,Conn
Cassandre,Quitzon
Jevon,Wintheiser
Jaylan,Berge
Abagail,Fadel
Harmon,Ferry
Kamryn,Daugherty
Shemar,Stroman
Leila,Kulas
Scot,Kuvalis
Sheldon,Wyman
Lue,Bergnaum
Lamar,Wintheiser
Michael,Cremin
Arturo,Bartoletti
Sharon,Bergstrom
Duane,Bartoletti
Zoe,Jacobi
Darlene,Ortiz
Kaleb,Rolfson
Etha,Stiedemann
Gretchen,Schroeder
Kendrick,Breitenberg
Noemi,Dicki
Deanna,Johnston
Delpha,Raynor
Vince,Balistreri
Desmond,Mante
Eladio,Stroman
Lelah,Kub
Clara,Hermann
Graciela,Nicolas
Arlie,Weimann
Isabel,Aufderhar
Tiana,Cummerata
Demarcus,Doyle
Manley,O'Keefe
Caden,Daugherty
Ted,Weber
Talia,Kerluke
Rosetta,Leffler
Precious,Abernathy
Price,O'Connell
Narciso,Beer
Demario,Wisoky
Blanche,Von
Idella,Keeling
Hunter,O'Keefe
Camryn,Ortiz
Thalia,Hagenes
Phyllis,Rolfson
Zander,Purdy
Diamond,Cassin
Isabell,Daniel
Michale,Hagenes
Adelia,Beatty
Serena,McClure
Alfredo,Pfannerstill
Bonnie,Effertz
Taya,Stroman
Bailee,Bayer
Solon,Veum
Jonas,Bauch
Alanna,Koss
Ashley,Effertz
Vanessa,Bashirian
Nellie,Swaniawski
Joy,Homenick
Jess,Heidenreich
Ashton,Runte
Jonathon,Johnston
Rachel,Lindgren
Kolby,Marvin
Crystal,Stiedemann
Vita,Schmeler
Natasha,Pagac
Lempi,Bartoletti
Vivien,Steuber
Hunter,Mills
Percival,Beer
Laney,Towne
Agnes,Lind
Cordelia,Hammes
Ariane,Gislason
Janessa,Douglas
Declan,Pouros
Mckayla,Goldner
Patricia,O'Reilly
Clarabelle,Balistreri
Elisha,Bergnaum
Marcia,Leffler
Lacey,Rath
Helen,Hickle
Elinore,Sawayn
Brendon,Mayert
Renee,Goyette
Pearl,Schamberger
Levi,Lowe
Daisy,Pollich
Nicolas,Nikolaus
Shanny,Shanahan
Bailee,Grimes
Chad,Dicki
Birdie,Sauer
Gabrielle,Kutch
Cassie,Fahey
Arlene,Collier
Marianne,Effertz
Arlo,McGlynn
Kadin,Huel
Chet,Boyle
Lydia,Jones
Rachael,Jerde
Lenora,Fay
Presley,Beer
Berneice,Nader
Cathryn,Hirthe
Norma,Pagac
Cristal,Marvin
Patrick,Lind
Stan,Johnston
Alysson,Simonis
Albin,Satterfield
Russel,Corwin
Destini,Donnelly
Alanis,Goodwin
Scarlett,Spencer
Kory,Wisozk
Katharina,Mohr
Ottilie,Kulas
Judy,Wehner
Adrien,Bechtelar
Sandy,Wolff
Graciela,Bauch
Marie,VonRueden
Anita,Rosenbaum
Lauretta,Botsford
Delta,Hermann
Ali,Cole
Keith,Denesik
Domenic,Rowe
Arnold,Jacobson
Jason,D'Amore
Delilah,Mohr
Priscilla,Rath
Maximillia,Lowe
Gardner,Kshlerin
Osbaldo,Klocko
Demetris,Wisozk
Lempi,Hammes
Gilberto,Bednar
Brionna,Mayert
Julianne,Zieme
Axel,White
Emmanuel,Parker
Anastasia,Strosin
Quinton,Fritsch
Joyce,Toy
Oscar,Leffler
Glenda,Lemke
Julia,Wyman
Nestor,Reilly
Retta,Walsh
Joan,Larkin
Cleveland,Hilll
Ashly,Becker
Patsy,Parisian
Anika,Strosin
Hyman,Harris
Buck,Hettinger
Virginia,Hand
Tomasa,Champlin
Vidal,O'Reilly
Gregory,Witting
Sandra,Baumbach
Tillman,Wilkinson
Heather,Gibson
Joey,Kulas
Constantin,Gibson
Marley,McCullough
Emile,Mitchell
Josianne,Kub
Sallie,Boyer
Titus,Stroman
Ibrahim,Schowalter
Lexus,Conn
Hollie,Cruickshank
Rashad,Wilderman
Jamie,Stracke
Amalia,Franecki
Cameron,Kilback
Curtis,Stoltenberg
Myriam,Torphy
Eino,Schroeder
Earnest,Fahey
Astrid,Legros
Estella,Kuphal
Maxine,West
Doug,Feeney
Dora,Bogan
Tyree,Parker
Brice,Bailey
Deontae,Medhurst
Gaylord,Hintz
Clare,Parker
Ervin,Denesik
Madie,Dibbert
Lucious,Bernier
Ferne,Stehr
Zoie,O'Connell
Bart,Koch
Rubie,Stanton
Mckenzie,Kuhlman
Trycia,Kovacek
Perry,Turcotte
Nola,Kling
Salvador,Bayer
Macey,Ortiz
Ahmed,Mueller
Kenna,Pacocha
Sonya,Gottlieb
Cassidy,Stehr
Kayden,Schoen
Gia,Kshlerin
Antwon,Feeney
Claire,Schroeder
Austen,Wolf
Rosario,Wiza
Jessyca,Breitenberg
Mervin,O'Reilly
Trudie,Gusikowski
Bertha,Reynolds
Aliya,Hills
Magdalen,Little
Kristian,Kertzmann
Ara,Smith
Deangelo,Ritchie
Eleazar,VonRueden
Tyrel,Mills
Jeremie,Mraz
Clifford,Stamm
Hailie,Wyman
Harrison,Spinka
Dusty,Strosin
Jules,Prosacco
Julie,Schultz
Stacy,Satterfield
Dillan,Conroy
Toy,Greenfelder
Macy,Collier
Kane,Feeney
Axel,Goldner
Alena,Walsh
Elda,Towne
Shanon,Kris
Carey,Hoppe
Estel,Cruickshank
Ole,Beatty
Junior,Connelly
Kiana,Torp
Mayra,Kautzer
Ashley,Goldner
Malinda,Stamm
Prince,Goodwin
Kenya,Olson
Reinhold,Heller
Velda,Gleichner
Elmer,Sanford
Maya,McGlynn
Roderick,Moen
Mallory,Buckridge
Dillon,Boyer
Jakob,Kozey
Ova,Murray
Arch,Cormier
Jacinto,Schulist
Mathias,Koepp
Mariano,Beer
Janae,Johnston
Logan,Frami
Melyssa,Schuster
Adrien,Feeney
Ellis,DuBuque
Ariel,Ritchie
Bell,Purdy
Danial,Yundt
Frankie,Gutmann
Curt,Rowe
Denis,Haley
Howard,Upton
Tyrell,Schmeler
Esta,Funk
Odessa,Kulas
Prince,Rice
Helena,Herzog
Sidney,Bogan
Emiliano,Crist
Tremaine,Stoltenberg
Montana,Osinski
Abagail,Moen
Jasper,Boyer
Buck,Balistreri
Leland,Nicolas
Vada,Miller
Libby,Buckridge
Johnathon,Ondricka
Loren,Hills
Sonya,Davis
Valentine,Keeling
Ari,Legros
Helmer,Dicki
Bryana,Huels
Cyril,Stroman
Leatha,Lowe
Jaydon,Bode
Kyleigh,Medhurst
Meredith,Gleason
Marian,Bailey
Leif,Heathcote
Dell,Schumm
Kamren,Carter
Christian,Metz
Riley,Keebler
Willow,Schamberger
Gail,Jakubowski
Gavin,Predovic
Emory,Connelly
Oswaldo,Flatley
Anabel,Baumbach
Amari,Goodwin
Maddison,Quigley
Dominic,O'Conner
Rolando,Larkin
Kris,Bogisich
Ines,Koelpin
Edgardo,Murray
Bo,Macejkovic
Rollin,Thiel
Dulce,Bauch
Marjorie,McGlynn
Tanya,Wiza
Daija,Collins
Ena,Howe
Michaela,Hahn
Jarrell,Volkman
Easton,Heathcote
Caleb,Adams
Lucas,Orn
Queen,Green
Pink,Thiel
Lesley,Dicki
Hillard,Lindgren
Susan,Bergstrom
Carli,West
Ronaldo,Dicki
Megane,Rau
Annette,Moore
Hannah,Gislason
Lucas,Mante
Dulce,Gutmann
Kellen,Jewess
Jaydon,Heidenreich
Silas,Deckow
Tia,Weimann
Ilene,Sanford
Dane,Miller
Oswaldo,Lindgren
Easton,Streich
Idella,Hane
Hillard,Marvin
Serena,Lakin
Wilton,Lowe
Arthur,Kessler
Tristian,Christiansen
Hailie,Little
Haven,McDermott
Jules,Wisozk
Jacklyn,Hammes
Elwyn,Auer
Morris,Torp
Nathan,Russel
Mitchel,Ferry
Roger,Fadel
Winfield,Kuhn
Ashtyn,Abbott
Carlie,Daniel
Raphael,Dietrich
Kallie,Lemke
Era,Dooley
Bertram,Schaden
Roosevelt,Jacobson
Barbara,Bogisich
Lyric,Lebsack
Fanny,Denesik
Amira,Waters
Alan,Zboncak
Florian,Rosenbaum
Glen,Bergstrom
Celia,Runolfsson
Nikko,Ward
Austin,Turcotte
Sam,Heaney
Abby,Fadel
Lafayette,Gislason
Stephanie,Konopelski
Ursula,Turner
Lorna,Ratke
Abdullah,Klein
Jan,Stark
Kyra,Johns
Una,Hamill
Florida,Baumbach
Ernie,Greenfelder
Asa,Hills
Cloyd,Volkman
Megane,Macejkovic
Stacy,Hudson
Cicero,Parker
Ralph,Schinner
Sydni,Shields
Katheryn,Cruickshank
Rex,Nikolaus
Linwood,Beahan
Helmer,Kilback
Cortez,Bins
Austin,Abernathy
Daron,Brakus
Geovanni,Mayert
Bethany,Marvin
Chadd,Klocko
Camron,Franecki
Saige,Dickens
Martina,Becker
Cleveland,Smitham
Viola,Aufderhar
Ignacio,Hoppe
Nicolas,Flatley
Francesco,Rowe
Maverick,Reinger
Ivah,McLaughlin
Jena,Kohler
Myrtle,McGlynn
Albert,Marks
Kaya,Miller
Reilly,Hammes
Kelley,Tremblay
Bernadette,Bogan
Jefferey,Sawayn
Darlene,Morissette
Wilhelm,Shanahan
Caleb,Swaniawski
Carli,Auer
Branson,Price
Kenny,Abernathy
Tristian,Smith
Guillermo,Bernier
Dave,Kulas
Alfonso,Ward
Alexandrea,Keeling
Brennon,Lehner
Miles,Stiedemann
Vernice,Zulauf
Dorcas,Metz
Liam,Legros
Timothy,Bradtke
Janick,Maggio
Rosalee,Hoppe
Cassandra,Schneider
Alexander,Sawayn
Dante,Price
Andres,Kuhic
Jedediah,Torp
Sonny,Boyer
Bartholome,Marks
Kaela,Cronin
Hazel,Kessler
Wilhelm,Kovacek
Giovani,Mayert
Jon,Ebert
Ryley,Botsford
Bo,Friesen
Julian,Prohaska
Hilda,Bradtke
Arden,Cummerata
Israel,Krajcik
Kaycee,Nitzsche
Alek,Hammes
Mireya,Fisher
Rupert,Fay
Santa,Russel
Lauryn,Lemke
Darian,Kunze
Maryse,Bartell
Ward,Weimann
Briana,Eichmann
Imelda,Connelly
Marc,Dickens
Destin,O'Keefe
Josianne,Rosenbaum
Lennie,Kiehn
Breana,Fay
Annabel,Doyle
Zaria,Gislason
Blaise,Eichmann
Brycen,Ortiz
Judah,Pfannerstill
Kailee,Kuhic
Lynn,Parisian
Aurelie,Schneider
Terrell,Bruen
Theodora,Pagac
Jordane,Carter
Nella,Hauck
Leone,Walter
Keshaun,Frami
Imogene,Rodriguez
Triston,Walter
Myrtie,Predovic
Isac,Lindgren
Bailee,Nader
Florida,Bailey
Dameon,Schneider
Luther,D'Amore
Zelma,Ritchie
Autumn,Miller
Ralph,Herman
Harmony,Luettgen
Marshall,Grady
Torrance,McClure
Cielo,O'Keefe
Meaghan,Schmeler
Fidel,Bailey
John,Cartwright
Glen,Adams
Leonel,White
Cathryn,Ferry
Samson,Becker
Allan,Morissette
Cecelia,Gerlach
Anya,Johns
Adrian,Bosco
Bianka,Torphy
Hunter,Bosco
Roma,Willms
Jennie,Pagac
Eudora,Johnson
Rita,Kerluke
Karine,Johnson
Aurore,Langosh
Ethelyn,Kilback
Bernie,Hand
Roel,Bogan
Darrin,Dibbert
Chelsea,Lueilwitz
Joey,Littel
Luther,Ullrich
Kirsten,Keeling
Vicenta,Tromp
Sofia,Keeling
Carroll,Bogisich
Verda,Waters
Jarrett,Gutkowski
Webster,Osinski
Dorcas,Stark
Meredith,Pacocha
Derick,Torphy
Shane,Heller
Presley,Daugherty
Terrance,Hane
Hassan,D'Amore
Maya,Rodriguez
Chet,Lockman
Chaya,Brekke
Brain,Sauer
Pamela,Lemke
Jacey,Witting
Tristian,Brakus
Marcelino,Dibbert
Salvatore,Kilback
Mellie,Smith
Joaquin,Balistreri
Flo,Bruen
Elwin,Leuschke
Felicity,Howe
Coleman,Tillman
Rahul,Marks
Brooks,Mayer
Rex,Schumm
Genesis,Barton
Eulalia,Mosciski
Joan,Gorczany
Margaret,Hand
Cole,Marquardt
Jadyn,Hagenes
Pete,Hartmann
Aliza,Metz
Gerson,Bergstrom
Noel,Kihn
Margie,Kub
Anastasia,McCullough
Gianni,Bergnaum
Madyson,Bogan
Karley,Blick
Mable,Larkin
Mackenzie,Veum
Omer,Weissnat
Felicity,Stokes
Monserrate,Lemke
Tyrell,Ruecker
Ursula,Bogan
Micah,Wunsch
Roman,Howell
Sonya,Stehr
Brisa,Morissette
Nina,Hyatt
Maryam,Becker
Darrion,Johns
Maximilian,Effertz
Chadd,Daugherty
Brendon,Franecki
Giovani,Sipes
Retta,Quitzon
Ettie,Keebler
Karelle,Dickinson
Grover,Schimmel
Brain,Conroy
Kelton,Schowalter
Margarita,Bogisich
Eugene,Reichel
Lenore,Tillman
Percy,Smitham
Gertrude,Cole
Lukas,Mueller
Ken,Schamberger
Eliseo,Ledner
Sheldon,Carroll
Camryn,Cartwright
Birdie,Lynch
Colby,Wisozk
Ernesto,Stiedemann
Lorena,Jakubowski
Ilene,Nicolas
Serena,Wiegand
Velda,Aufderhar
Camryn,Gleason
Sean,Hoppe
Leda,Rippin
Armani,Buckridge
Leda,Larson
Jazmin,Keebler
Toy,Lockman
Madilyn,Prosacco
Cassandra,Klein
Ozella,Gutkowski
Maudie,Jones
Carmel,Botsford
Laurence,Casper
Luis,Schmitt
Lizzie,Koelpin
Andreanne,Bergstrom
Kari,Mayer
Lily,Sauer
Abel,O'Kon
Chaim,Jacobi
Franz,Jenkins
Dejah,Doyle
Otha,Sawayn
Karli,Gislason
Arjun,Dooley
Walton,Okuneva
Bonnie,Botsford
Nannie,Rippin
Isobel,Olson
Rupert,Russel
Emma,Rosenbaum
Matilde,Wunsch
Felix,Prosacco
Candace,Brekke
Jaren,Green
Jack,Toy
Sofia,Mitchell
Gerhard,Lubowitz
Javier,Kiehn
Jodie,Doyle
Vida,Auer
Leone,Funk
Bert,Gibson
Jeff,Johnson
Brielle,Moen
Stanley,Monahan
Ernest,Gutmann
Jena,Ziemann
Cielo,Howell
Earline,Tremblay
Amiya,Fay
Dorthy,Nolan
Kaylie,Denesik
Madyson,Kunze
Alysson,Fisher
Antonia,Sauer
Kavon,Renner
Horacio,Strosin
Madelyn,Blick
Polly,Heller
Chesley,Haley
Shania,Nikolaus
Joesph,Marvin
Serena,Nicolas
Pierre,Bayer
Jarrett,Lind
Joe,Witting
Waylon,Ryan
Amelia,Blanda
Montana,Bechtelar
Liza,Klocko
Evert,Bernhard
Nyasia,Jacobson
Declan,Walker
Germaine,Predovic
Lila,Harber
Nichole,Bosco
Agustin,Wyman
Alanis,Flatley
Claire,Shanahan
Maximillian,Yundt
Delta,Waelchi
Mireya,D'Amore
Karlie,Medhurst
Leatha,Haley
Bridie,Turcotte
Houston,Goldner
Daniela,Daniel
Ida,Rath
Henderson,Emmerich
Betsy,O'Kon
Daniella,Barton
Zachariah,Mertz
Micheal,Hirthe
Isaias,Murphy
Alanna,Emmerich
Amanda,Turcotte
Price,Gleichner
Garry,Crona
Keshawn,Armstrong
Greg,Metz
Jeffry,Hayes
Yolanda,Hamill
Tania,Pouros
Esteban,Leuschke
Meredith,Weissnat
Leopold,Langworth
Edwin,Lehner
Keegan,Lakin
Stephon,Ernser
Bill,Huel
Rosina,Satterfield
Ona,Mayert
Sylvia,Goyette
Rodrigo,Pouros
Garland,Effertz
Easton,Blick
Tia,Kling
Kylee,Larkin
Lexie,Johnson
Geovany,Shanahan
Cornelius,Tromp
Lorenza,Ritchie
Carley,Bergstrom
Jacky,Klein
Leann,Toy
Meredith,Kshlerin
Selena,Murray
Unique,Torphy
Ansley,Kunze
Erik,Witting
Jana,Kunze
Marisol,Hoeger
Ransom,Little
Abel,Cormier
Kenton,Hane
Conor,Parisian
Madyson,Armstrong
Creola,Senger
Hannah,Bergstrom
Aubrey,Cremin
Novella,Grady
Beau,Hartmann
Carli,Collins
Harley,Altenwerth
Sigrid,Vandervort
Emma,Tremblay
Cornelius,Kulas
Raheem,Ward
Meghan,Schumm
Jeanie,Cronin
Darius,Rodriguez
Rogers,Reichel
Tyra,Bernhard
Christophe,Pollich
Marcelino,Kessler
Kyla,Stamm
Fermin,Nienow
Jakayla,Hagenes
Unique,Fadel
Maeve,Upton
Muhammad,Smith
Connie,Macejkovic
Monserrat,Leannon
Ashleigh,Klein
Kathryne,Grimes
Verna,Roob
Randi,Stoltenberg
Nigel,Pollich
Scottie,Pollich
Watson,Halvorson
Lexie,Bogisich
Everett,Williamson
Madison,Marvin
Kristy,Jakubowski
Erich,Abernathy
Unique,Berge
Leila,Bartoletti
Cleve,Baumbach
Aylin,Franecki
Rozella,Schmeler
Briana,Balistreri
Jeffry,DuBuque
Walter,Jacobson
Belle,Gulgowski
Clair,Mohr
Lexus,Morar
Enoch,O'Reilly
Sabryna,Anderson
Shemar,Jast
Jerrold,Denesik
Allen,Marks
Mathias,Kertzmann
Eldora,Bernhard
Jeanette,Hoeger
Norwood,McGlynn
Easter,Wilderman
Penelope,Kuhlman
Alec,Walker
Reuben,Morar
Cruz,Hansen
Rhoda,Conn
Angeline,Marks
Opal,Nicolas
Peggie,Schiller
Zane,Rau
Ellen,Wyman
Lora,Bruen
Ariane,Reinger
Olaf,Weimann
Maci,Stehr
Coty,Stokes
Kurtis,Herman
Freeda,Greenfelder
Felipa,Ryan
Chance,Koelpin
Favian,Zboncak
Ivy,Walsh
Marjorie,Muller
Markus,Leannon
Dolly,Rowe
Nicolette,Buckridge
Donnell,Hermann
Ova,Frami
Troy,Schowalter
Reuben,Weissnat
Emelia,Kovacek
Sheridan,Daniel
Imelda,Jacobson
Greg,Bosco
Elmore,Osinski
Zachariah,Bradtke
Maximillian,Larson
Colby,Weimann
April,Haley
Justice,Kertzmann
Idell,Reichert
Aylin,Heaney
Christina,Ruecker
Tristin,McKenzie
Sophia,Kuhic
Vena,Sauer
Alvera,Ruecker
Garrick,Bosco
Maverick,Green
Laurie,Sanford
Devyn,Hilpert
Carli,McClure
Luigi,Batz
Micheal,Raynor
Ara,Considine
Rylee,Stracke
Emmanuel,Roberts
Marion,Lowe
Tony,Lehner
Carolyn,Mosciski
Melvin,Kozey
Jolie,Wiegand
Judge,Rogahn
Remington,Larson
Edmond,Zulauf
Judge,Turner
Rodrigo,Macejkovic
Hyman,Schumm
Deja,O'Connell
Gwen,Stokes
Ana,Rempel
Rita,Ortiz
Retta,Hackett
Misael,Stroman
Flo,Batz
Dashawn,Ritchie
Tia,Mitchell
Augusta,Hayes
Ulises,Fahey
Lelia,Stiedemann
Humberto,Mosciski
Kiley,Hills
Scotty,Daniel
Murphy,Schimmel
Zoey,Schaden
Viviane,Runte
Itzel,Dach
Alberto,Howell
Ayden,Rodriguez
Arlie,Donnelly
Fanny,Cruickshank
Alta,Murazik
Nasir,Haley
Chaya,Brekke
Marilou,Gleichner
Desmond,Jakubowski
Barrett,Thiel
Carley,Herman
Lura,Williamson
Keanu,Bartell
Roel,Shields
Brown,Nikolaus
Kale,Price
Jane,Roberts
Antonio,Tillman
Kraig,Gottlieb
Christopher,Wyman
Carmen,Senger
Buddy,Hoppe
Alene,Schowalter
Cecile,Wyman
Lourdes,Abshire
Ludwig,Watsica
Carli,Krajcik
Euna,Haag
Norval,Green
Gerson,Weissnat
Mylene,Rau
Janick,Luettgen
Veronica,Johnson
Dwight,Windler
Lavina,Zboncak
Broderick,Reichert
Mina,Lynch
Dianna,Treutel
Rebekah,Ritchie
Barrett,Leffler
Florida,Weissnat
Orval,Jenkins
Luella,Gleason
Norris,Halvorson
Kassandra,Little
Iva,Dickens
Sophia,Runte
Kendall,Champlin
Larue,Botsford
Terry,Schuppe
Shawn,Upton
Eloisa,Weimann
Juwan,Stehr
Alanna,Krajcik
Alisa,McClure
Polly,Hermann
Jacklyn,Botsford
Odell,Prosacco
Reggie,Schmidt
Esta,Champlin
Manuel,Dietrich
Osborne,Thiel
Letitia,Stamm
Reta,Hahn
Kiley,Predovic
Cassandre,Gottlieb
Lue,Breitenberg
Michael,Wunsch
Hollie,Skiles
Zita,Runolfsson
Brandy,Fritsch
Sonny,Reynolds
Elvie,Harris
Roselyn,Kuhic
Daphney,Olson
Domenick,Koss
Tremayne,Labadie
Anissa,Crooks
Jimmy,Gleason
Monserrat,Dibbert
Destany,Wilkinson
Nakia,Skiles
Sanford,Emmerich
Madisyn,Parker
Solon,Heller
Katlyn,Corwin
Frieda,Barrows
Danial,Kutch
Reynold,Daniel
Tessie,Littel
Conrad,Brekke
Ashleigh,Lang
Vickie,Herman
Cheyanne,Tromp
Presley,Stoltenberg
Dexter,Stokes
Isai,Considine
Michelle,Lowe
Tate,Ritchie
Elena,Gusikowski
Stanley,Schaden
Corbin,Renner
Alexanne,Waelchi
Zack,Boehm
Rosendo,Padberg
Jeromy,Satterfield
Kris,Langosh
Else,Ullrich
Beulah,Crist
Meaghan,Rolfson
Madalyn,Kohler
Clyde,Mueller
Tyson,Collins
Lacey,Franecki
Erika,McDermott
Jimmie,Reichel
Alexandria,Cremin
Dorris,Maggio
Norval,Gottlieb
Cesar,Reynolds
Rita,McCullough
Shanna,Langosh
Lucas,Barton
Hilma,Champlin
Penelope,Breitenberg
Mable,Lemke
Lilian,Osinski
Lonnie,Harber
Felipe,O'Kon
Kory,Tremblay
Toby,Towne
Vaughn,Tromp
Rubie,Kemmer
Modesto,Christiansen
Daphne,Pacocha
Celestino,Beer
Orval,Reynolds
Lessie,Bashirian
Emmet,Lowe
Bryana,Bauch
Selina,Muller
Jasen,Senger
Ilene,Schneider
Nicole,Barrows
Beaulah,Schumm
Crystal,Graham
Bryon,Bins
Jaqueline,Maggio
Jody,Daniel
Emilio,Bergnaum
Zola,Abernathy
Mozell,Runolfsson
Gracie,Purdy
Candice,Hodkiewicz
Margaret,Sporer
Queen,Raynor
Jaunita,Blick
Eusebio,Schoen
Angelica,Dare
Stephanie,Spencer
Paige,Towne
Brandi,Wilkinson
Kenyon,Collins
Lorenza,Cremin
Kiera,Greenholt
Wilfredo,Christiansen
Maymie,Stroman
Aurelio,Pfannerstill
Julianne,Rau
Rebeka,Hickle
Kayli,Barrows
Carmella,Langworth
Tod,Reilly
Lamar,Hoppe
Sheridan,Mayert
Ray,Bruen
Marcelina,Hamill
Bettie,Hauck
Reagan,Fadel
Lauriane,Ankunding
Claude,Dooley
Henri,Kirlin
Hailee,Dickens
Grace,Auer
Rebekah,Rutherford
Wilbert,Turner
Leilani,Farrell
Elmo,Howe
Adrain,Wilderman
Judge,Ledner
Elsa,Bartell
Cleveland,Sanford
Johann,Bahringer
Jarret,Dickinson
Laila,Jones
Clovis,Stehr
Haleigh,Buckridge
Alexandria,Zemlak
Dominique,Bins
Eudora,Spencer
Maci,Bergstrom
Jean,Langosh
Haylie,Lang
Terrence,Koepp
Isaias,Rath
Giovanna,Stracke
Janae,Roob
Janick,Abernathy
Layla,Torp
Karolann,Gerlach
Abbigail,Sipes
Emilia,Keeling
Piper,Okuneva
Wiley,Gorczany
Hazle,Waters
Arne,Thompson
Elmore,Murphy
Gage,Cole
Alberta,Bins
Michale,Swift
Linwood,Gaylord
Lorena,Lynch
Donnell,Kihn
Richmond,Bins
Anne,Luettgen
Justus,Dare
Ceasar,Stamm
Irving,Lakin
Emily,Predovic
Lela,Hills
Barton,Stark
Hector,Lang
Gilberto,Feeney
Osvaldo,Conn
Kris,O'Kon
Chaya,Schneider
Larry,Block
Granville,Huel
Madyson,Rippin
Jon,Langworth
Hayley,Kohler
Kelton,Nitzsche
Alexandrine,Renner
Karley,Bauch
Hassan,Jerde
Alysa,Brekke
Armani,Durgan
Cecelia,Armstrong
Jo,Leffler
Carmine,Olson
Ervin,Frami
Julian,Smitham
Elaina,Considine
Earline,Casper
Bethany,Wintheiser
Estell,Kuhn
Esteban,Botsford
Adolf,Smitham
Houston,Johns
Buddy,Mosciski
Golda,Okuneva
Bertram,Marquardt
Dianna,Leuschke
Roger,Borer
Chanel,Klocko
Mattie,Brakus
Providenci,Yundt
Tina,Lang
Ally,Harris
Erwin,Bogisich
Isabella,Considine
Janae,Keebler
Misael,Kuphal
Amie,Botsford
Jacky,Mante
Margot,Denesik
Alden,Lehner
Guillermo,Schuster
Leda,Okuneva
Justine,Moore
Alberta,Tromp
Abbie,Watsica
Donavon,Hoeger
Wilfredo,Conroy
Duncan,Dach
Elian,Becker
Patricia,Fay
Jeanne,Upton
Alana,Braun
Javon,Schaden
Yasmin,Stroman
Antonetta,Wiegand
Greyson,Erdman
Maurice,Stokes
Darwin,Barrows
Bailee,Oberbrunner
Christine,Macejkovic
Annabel,Roberts
Jacey,Pollich
Hayden,Turcotte
Justus,Rutherford
Brisa,Hansen
Shanelle,Miller
Lon,Schaefer
Mylene,Predovic
Norbert,Ledner
Kenton,McLaughlin
Lexus,Mraz
Amie,Blick
Kellie,Swift
Sebastian,Hintz
Keira,Powlowski
Wilmer,Connelly
Hettie,Lang
Janice,O'Conner
Aubree,Christiansen
Marc,Blick
Noemie,Boyle
Keshawn,Schamberger
Felicity,Medhurst
Dean,Reilly
Gail,Lynch
Isabella,Jaskolski
Alfred,Senger
Ellen,Wolf
Delphia,Rath
Jabari,Lowe
Nat,Emmerich
Ruth,Ratke
Lily,Cummerata
Alverta,Hodkiewicz
Christop,Von
Gardner,Grady
Alexie,Bayer
Lamar,Labadie
Ashlee,Crist
Richard,Schowalter
Estefania,Kemmer
Torrey,Kautzer
Rodrigo,Schowalter
Sharon,Thompson
Quincy,Miller
Addie,Orn
Constantin,Homenick
Julius,Huel
Sandy,Herzog
Vidal,Lynch
Marley,Vandervort
Shyann,Mayert
Alessandra,Dickens
Kiley,Stehr
Elisa,Kub
Adelbert,Leffler
Alivia,Walker
Vincenza,Ledner
Taurean,Huels
Paul,Pouros
Jabari,Cassin
Riley,Kirlin
Gerald,Bode
Hilario,Erdman
Abigail,Langworth
Nova,Thompson
Bailee,Jacobs
Zaria,Bradtke
Julian,Ziemann
Emmitt,Skiles
Nickolas,VonRueden
Amely,Kassulke
Ephraim,Daniel
Tomasa,Strosin
Georgianna,D'Amore
Gregoria,Harber
Daija,Koss
Rylan,Stroman
Abdiel,Deckow
Freeda,Hammes
Marjolaine,Casper
Milford,Rath
Hilario,Nicolas
Demarco,Collins
Nyah,Reilly
Elroy,Borer
Ambrose,Kub
Patrick,Hagenes
Nya,Considine
Oda,Roob
Marie,Weber
Remington,Blanda
Rafaela,Thompson
Elmore,Wunsch
Mozelle,Baumbach
Jalon,Gutmann
Preston,Gibson
Abraham,Bartell
Georgette,Howell
Janiya,Miller
Ismael,Baumbach
Jamil,Trantow
Hadley,Luettgen
Mallory,Rolfson
Derrick,Franecki
Dorothy,Oberbrunner
Syble,Huels
Jordyn,Cormier
Moises,Huels
Kenneth,Bogisich
Baron,Gleichner
Elmore,Ullrich
Cletus,Jerde
Christophe,Moen
Royce,Schaden
Jared,Rippin
Wilson,Stokes
Cindy,Jacobi
Mattie,Reilly
Alda,Swaniawski
Rahsaan,Gottlieb
Mattie,Kovacek
Hilma,Bruen
Caesar,Luettgen
Maiya,Shields
Felicia,Bergstrom
Lucas,Rau
Gideon,Toy
Kody,Kshlerin
Sonya,Keebler
Louie,Hintz
Americo,Boehm
Zackary,Kihn
Lavinia,Champlin
Merritt,Ward
Margie,Hintz
Lola,Mayert
Katarina,Ebert
Micheal,Price
Maxine,Daniel
Bernhard,Zboncak
Ariane,Anderson
Elise,Rowe
Olga,Durgan
Modesta,Boyer
Raina,Jacobson
Grady,Kihn
Dale,Paucek
Angelina,Sanford
Antonietta,Quigley
Monique,Stehr
Malvina,Schmeler
Hermann,Kilback
Melvina,Okuneva
Hilma,Gleichner
Rogelio,Block
Dejah,Dach
Josiah,Botsford
Bernita,Schmeler
Ahmed,Hoeger
Tanner,Connelly
Robbie,Fritsch
Sigmund,Moen
Maud,Lowe
Myrl,Collins
Zita,Thiel
Derek,Little
Fletcher,Bergnaum
Vita,Schoen
Mylene,Leannon
Owen,Casper
Jordane,Considine
Ambrose,Stracke
Marlin,Parisian
Arjun,Adams
Felton,Crooks
Leonel,Lowe
Keyshawn,Reichel
Hobart,Medhurst
Litzy,Hintz
Otto,Wisozk
Pete,Rempel
Arvid,Hammes
Maxine,Feil
Susie,Carroll
Isidro,Predovic
Breanna,Quitzon
Rhianna,Stroman
Mauricio,Rodriguez
Webster,Prohaska
Fern,Hermiston
August,Keeling
Hazle,Hessel
Aglae,Zulauf
Lew,Hermiston
Laurence,Kuhic
Marina,Zboncak
Christop,Denesik
Kiley,Strosin
Petra,Lockman
Rocio,Lockman
Nikki,Sipes
Piper,Schoen
Brooks,Koss
Carmela,Turcotte
Kaylah,Gleason
Lisa,Streich
Emmitt,Hermann
Dena,Wolf
Jordyn,Jacobs
Effie,Hilpert
Rico,Blick
Gail,Leffler
Maximus,Rowe
Cecelia,Olson
Marty,Parker
Lemuel,Howe
Natalie,Connelly
Conor,Wuckert
Horace,Ernser
Barney,Gutmann
Agustin,Lindgren
Peter,Bruen
Quincy,Rosenbaum
Ozella,Rempel
Waldo,Gutkowski
Obie,Eichmann
Milan,Nitzsche
Donny,Christiansen
Jackeline,Little
Cleta,Marks
Harrison,Green
Shea,Prohaska
Yoshiko,Kilback
Chet,Glover
Teagan,Bartoletti
Zoila,Leuschke
Deron,Stokes
Sasha,Zboncak
Cedrick,Schoen
Brianne,O'Keefe
Edna,Haag
Eliza,Hodkiewicz
Johnnie,Ratke
Jolie,Jewess
Casandra,Koch
Sharon,Ruecker
Elenor,Ruecker
Werner,Gislason
Carmel,Labadie
Kristin,Corkery
Sienna,Green
Jordyn,Schamberger
Lia,Bogan
Branson,Raynor
Erwin,Thompson
Queenie,Lockman
Arvilla,Powlowski
Rafael,Herman
Estel,Schowalter
Immanuel,Denesik
Guiseppe,Reilly
Madie,Shields
Jerry,Gislason
Sean,Quigley
Raphael,Lesch
Bobby,Powlowski
Ruthie,Welch
Braulio,Becker
Elbert,Fisher
Joshua,Bradtke
Cale,Rodriguez
Sam,Flatley
Macy,Borer
Rex,Weissnat
Guy,O'Connell
Gideon,Roob
Brice,Murazik
Maegan,Crooks
Ray,Abshire
Landen,West
Johnson,Beatty
Jaqueline,Blanda
Shawn,Stanton
Abigale,Muller
Valentina,Hirthe
Ericka,Bartoletti
Freda,Weber
Gregoria,Cormier
Burdette,Huels
Nathaniel,Shields
Kameron,Moore
Loy,McCullough
Jamar,Kutch
Kamryn,Miller
Mossie,Rosenbaum
Megane,Smitham
Braeden,Towne
Leopold,DuBuque
Colton,Heaney
Brandon,Sipes
Loyce,Padberg
Archibald,Gleichner
Oral,Jacobson
Clementina,Bechtelar
Allison,Wolf
Doug,Jakubowski
Ryleigh,Klocko
Merle,Braun
Makenna,Wyman
Jennie,Hahn
Melyna,Nienow
Ciara,Braun
Heber,Littel
Hailee,Raynor
Arne,Bosco
Marcelina,Zemlak
Thea,Smith
Marshall,Johns
Lyda,Kerluke
Mallory,Conroy
Rudolph,Bogan
Carolyne,Spinka
Price,Goyette
Roscoe,Smith
Hope,Kub
Jonas,VonRueden
Myrna,Christiansen
Izaiah,Kub
Shea,Quigley
Jarred,Cremin
Toni,Daniel
Lillie,O'Reilly
Dolores,Parker
Sheldon,Effertz
Golda,Schaden
Andres,Halvorson
April,Lowe
Carlo,Jaskolski
Eva,Reilly
Nikita,Rippin
Hermina,Will
Viva,Tillman
Bria,Hermann
Marlin,Cummerata
Reanna,Bernier
Devonte,Hyatt
Malika,Jast
Margarette,Brown
Maximo,Bartoletti
Ryder,Adams
Jesus,Bins
Shemar,Rau
Gene,Price
Deanna,Bashirian
Jaunita,Kerluke
Lonny,Schneider
Abelardo,Stroman
Evie,Cormier
Lane,Mitchell
Golden,Keebler
Lucinda,Howell
Graciela,Huel
Elmer,Windler
Erin,Bailey
Marielle,Schuster
Carol,Lowe
Martin,Kilback
Leon,Kuphal
Ashlee,Lesch
Aurelio,Crooks
Wilfredo,Schmidt
Gideon,Waters
Dillon,Kling
Elizabeth,Auer
Jaquelin,Braun
Darion,McLaughlin
Jerod,Sawayn
Edward,Blanda
Royce,Cruickshank
Edmund,Langworth
Demond,Koelpin
Sarina,Yundt
Felicia,Krajcik
Kris,Volkman
Sam,Dicki
Raina,Russel
Filomena,Swift
Caterina,Abernathy
Elisabeth,Erdman
Ubaldo,Green
Frankie,Beatty
Amara,Collier
Andre,Gutkowski
Vernon,Marks
Giovanna,Mitchell
Antwan,Hauck
Hugh,Kozey
Abigayle,Bruen
Cristian,Gulgowski
Darrion,Lueilwitz
Marge,Mayer
Sammie,Ritchie
Aylin,Monahan
Audra,Franecki
Mike,Olson
Franz,Nikolaus
Sandra,Strosin
Daisy,Crona
Lois,Rath
Camila,Nolan
Isabel,Kovacek
Syble,Herman
Sarah,Hayes
Caterina,Towne
Dominic,Ankunding
Juana,Walker
Willa,Hartmann
Fern,Huels
Chadrick,Harber
Dewayne,Stehr
Guillermo,Goodwin
Gudrun,Fritsch
Maci,Rosenbaum
Clifton,Anderson
Jackie,Marquardt
Malika,Huels
Lavina,Connelly
Riley,Gottlieb
Maureen,Murazik
Jadyn,Douglas
Trever,Heller
Leda,Ebert
Corine,Altenwerth
Holden,Heidenreich
Nathaniel,Jewess
Adelbert,Schoen
Karl,Schmeler
Mellie,Rath
Nelle,Kilback
Ernest,Feil
Elvis,Lebsack
Vena,DuBuque
Ezequiel,Zieme
Augusta,Oberbrunner
Meda,Hickle
Louisa,Stoltenberg
Jettie,Lueilwitz
Orlo,Hayes
Irma,Kub
Angeline,Lowe
Cathrine,Grant
Gordon,Ziemann
Shyann,Predovic
Aaron,Champlin
Bell,Fay
Thad,Rau
Esmeralda,Stokes
Westley,Waters
Cordia,Leuschke
Nikko,Baumbach
Muhammad,O'Conner
Josianne,Swift
Norval,Lemke
Marquis,Funk
German,Olson
Virginie,Mueller
Daisha,Mitchell
Vita,Marks
Diana,Waelchi
Leonardo,Leffler
Gabriel,Feest
Katharina,Borer
Arnold,Haley
Drew,Heller
Augustus,Quitzon
Lauryn,McCullough
Elfrieda,Larson
Lukas,White
Yvette,Gleason
Myles,Koelpin
Kattie,Hodkiewicz
Rubye,Kautzer
Lafayette,Rice
Nelle,Lind
Fannie,Thiel
Destin,Kub
Vicenta,Wiegand
Llewellyn,Johnston
Stefanie,Conroy
Ewell,Streich
Sunny,Kris
Cordia,Murray
Jean,Blanda
Charles,Fisher
Anna,King
Phoebe,Schumm
Myrtie,Morar
Sierra,Trantow
Lenora,Kohler
Jocelyn,Murphy
Marietta,Predovic
Audie,Abbott
Eudora,Abernathy
Dagmar,Casper
Jaime,Huel
Coby,Kiehn
Greg,Powlowski
Gloria,Schinner
Ben,Smitham
Angie,Hoeger
Theresa,Hudson
Brigitte,Marks
Micheal,Treutel
Hanna,Bernier
Dawn,Windler
Darrick,Hintz
Tom,Purdy
Victoria,Nitzsche
Kianna,Daniel
Augustus,Braun
Libbie,Kunde
Dawn,Schowalter
Elmer,Conroy
Pablo,Collier
Ansley,Hoeger
Ima,Reichert
Cruz,Cummings
Lesley,O'Conner
Christina,Abbott
Stephania,Koss
Elwin,Wunsch
Teresa,Kreiger
Hayden,Denesik
Vernie,Walter
Brice,Parker
Amelie,Donnelly
Jarvis,Beatty
Ethan,Tromp
Margarett,Upton
Milan,Oberbrunner
Allene,Dickens
Eliza,Stark
Declan,Aufderhar
Benjamin,Durgan
Winfield,Stoltenberg
Conor,Nader
Abigale,Hartmann
Julia,Jones
Santino,Heller
Claude,Wilderman
Tyrique,Purdy
Jayce,Schuppe
Mireille,Thompson
Chase,Lueilwitz
Jerald,Willms
Ford,Zulauf
Enrique,Sanford
Geraldine,Heidenreich
Blair,Abbott
Crawford,Jacobson
Karlee,Ryan
Abel,Wehner
Krystel,Mertz
Domingo,Haag
Isobel,Monahan
Rey,Grady
Marcelino,Cormier
Cathy,Towne
Cole,Heidenreich
Sandrine,Kohler
Katlynn,Wolf
Aryanna,Kuphal
Abbie,Berge
Everardo,Schinner
Clint,Thompson
Christelle,Klein
Lacey,Schowalter
Juston,Paucek
Gerry,Bins
Aurelio,Wilderman
Adrian,Beahan
Florine,Bode
Dillan,Parisian
Garnet,Zboncak
Nelson,Vandervort
Nona,Hodkiewicz
Karson,Kemmer
Belle,Harris
Estella,Wuckert
Candida,Bashirian
Natasha,Greenfelder
Bernadette,Volkman
Art,Kunze
Karine,Jerde
Amy,Adams
Ignatius,Gibson
Loren,Cruickshank
Carlee,Kunde
Owen,Ziemann
Brenda,Sauer
Douglas,Vandervort
Kiarra,Langworth
Ignacio,Windler
Esther,Aufderhar
Glenna,Hegmann
Oceane,Pagac
Sabina,Cassin
Florence,Erdman
Jacquelyn,Runte
Karelle,Kovacek
Alejandrin,Baumbach
Daryl,Schuster
Flossie,Terry
Dariana,Greenfelder
Henri,Hegmann
Rebeca,Padberg
Arnoldo,O'Connell
Meghan,Gutmann
Arch,Turcotte
Juliet,Cummerata
Vincenzo,Ziemann
Akeem,Stoltenberg
Madeline,Dickens
Donato,Kshlerin
Alfreda,Cartwright
David,Stamm
Dion,Weimann
Camylle,Rodriguez
Dasia,Ruecker
Earl,Reynolds
Ralph,Hamill
Vladimir,Roberts
Ivory,Parisian
Ryleigh,Gutmann
Alexis,Cruickshank
Lyric,Kassulke
Margarette,Buckridge
Patrick,Gislason
Malvina,Boyer
Augustus,Leannon
Nolan,Bednar
Dortha,Emmerich
Delpha,Leffler
Beatrice,Schiller
Koby,Lindgren
Virginia,Reichert
Kelley,Stanton
Euna,Swift
Janet,Hodkiewicz
Sandy,Jacobson
Nathen,Haag
Jettie,Roberts
Giovanni,Tromp
Greyson,Hermiston
Kaitlyn,Kassulke
Catharine,Cronin
Brock,Rowe
Colin,Grimes
Cole,Waters
Zetta,Powlowski
Jany,Spencer
Ima,Daugherty
Arely,Kuphal
Cruz,Doyle
Bernie,Reinger
Penelope,Goldner
Royce,Thiel
Laury,Schoen
Santos,Huels
Edwina,Volkman
Trever,Carroll
Fredrick,Rosenbaum
Ignacio,Bashirian
Marlene,Hoppe
Kory,Armstrong
Myles,Schiller
Kaylee,Cronin
Bulah,Osinski
Lamar,Zulauf
Willow,Ryan
Kellen,Howe
Dusty,Bednar
Raul,Zieme
Eileen,Schmidt
Lorenza,Muller
Soledad,Ryan
Myrna,Buckridge
Patrick,Armstrong
Carroll,Kshlerin
Woodrow,DuBuque
Raul,Bruen
Janiya,Steuber
Alejandra,Collins
Reba,Hagenes
Jaida,Zboncak
Travis,King
Prince,Abshire
Brett,Hamill
Onie,Dickinson
Candelario,Hickle
Bradley,Windler
Rocio,Stark
Hershel,Goodwin
Matteo,Zulauf
Monserrate,Walter
Mariana,Wisoky
Edwin,Wolf
Avis,DuBuque
Taya,Barrows
Pinkie,Terry
Mollie,Bins
Evans,Bernier
Hyman,Romaguera
Chloe,Franecki
Makayla,Kunde
Laurel,Sporer
Aryanna,Ritchie
Elmira,Homenick
Patience,Lang
Marlin,Kemmer
Immanuel,Boyer
Lenore,Pfeffer
Khalid,Zboncak
Adan,Bergnaum
Laurence,Koch
Katrine,Donnelly
Stevie,Blick
Nikko,Towne
Ona,Cremin
Flossie,Bogan
Kelsi,Runte
Nadia,Rice
Cristian,Carroll
Morris,Kirlin
Rick,Donnelly
Carolina,Gerlach
Maudie,Lynch
Bret,Russel
Tamara,Nikolaus
Austin,Corwin
Kattie,Johns
Isabelle,Schimmel
Alden,McClure
Lafayette,Emard
Caitlyn,Carroll
Amina,Spinka
Emmanuel,Greenholt
Kelton,Kertzmann
Alta,Emard
Maritza,Ritchie
Tyree,Schowalter
Yessenia,Huel
Harmon,Ullrich
Kirsten,Schultz
Virgie,Erdman
Abel,Leuschke
Guy,Kuhic
Pauline,Roob
Vaughn,Pfannerstill
Suzanne,Heaney
Joana,Gislason
Maymie,Fay
Grayson,Moore
Dennis,Feeney
Ashtyn,Koepp
Aletha,Ledner
Eugene,Skiles
Jaeden,Schiller
Odell,Dach
Vallie,Powlowski
Pansy,Schiller
Lionel,Rowe
Cathy,Hermann
Billy,Torp
Sylvester,Beatty
Joesph,Ratke
Daphne,Koss
Loyce,Streich
Abbey,Morar
Rory,Kuhic
Dax,Feeney
Fatima,Wisozk
Meagan,Veum
Jacques,Reynolds
Brendan,Larson
Tom,Thompson
Angela,Jacobs
Russel,Cremin
Norma,Lesch
Merlin,Beier
Edwin,Corkery
Darrel,Hane
Danika,Padberg
Chris,Rau
Hayden,Streich
Athena,Cronin
Grayson,Powlowski
Kirstin,Medhurst
Callie,Fisher
Tatyana,Herman
Donnie,Deckow
Annamarie,Adams
Lacey,Leuschke
Laura,Koepp
Peyton,Hudson
Gladyce,Toy
Mavis,Schowalter
Judy,Jakubowski
Delphine,Weber
Wyman,Schamberger
Lucienne,DuBuque
Lavern,Kuvalis
Garry,West
Timmy,Beier
Fleta,Erdman
Jennifer,King
Reagan,Mueller
Dimitri,Price
Aiyana,Stanton
Yasmine,Quitzon
Kenny,Heathcote
Kathlyn,Medhurst
Derick,Wunsch
Delfina,Hamill
Jared,Rippin
Loren,Bosco
Daphne,Mayert
Clarissa,Bernier
Alena,Hills
Alisa,Dach
Afton,Herzog
Jordy,Kuphal
Vance,Wunsch
Jermaine,Nicolas
Rosendo,Boyer
Vada,Glover
Ethyl,Huels
Hermina,Cartwright
Brooks,Runte
Myrtle,Robel
Estefania,Lindgren
Jarrett,Schroeder
Harold,Casper
Karina,Ullrich
Macey,Gislason
Gerald,Cassin
Jeromy,Jerde
Chanel,Wolf
Gayle,Rolfson
Nya,Terry
Lorenzo,Hintz
Shirley,Flatley
Roselyn,Stark
Lucie,Lueilwitz
Gladyce,Paucek
Buddy,Bergstrom
Lauren,Mohr
Myah,Runte
Jailyn,Kutch
Anastacio,Beier
Linda,Prohaska
Tobin,Baumbach
Nova,Schmeler
Valerie,Stoltenberg
Johnpaul,Purdy
Faustino,Kerluke
Jessy,Mante
Miracle,Beahan
Arvid,Hansen
William,Renner
Vanessa,Dooley
Vergie,Bernier
Mary,Bahringer
Rosemarie,Cassin
Dudley,Kuphal
Willis,Grant
Eleazar,Nitzsche
Alphonso,Prosacco
Kenneth,Fadel
Elroy,Kling
Tyra,Boehm
Davonte,Bradtke
Russel,Bernier
Brannon,Gorczany
Elinore,Yundt
Hoyt,Cassin
Viviane,Kuphal
Rosalia,Smitham
Eldridge,Balistreri
Ambrose,Hackett
Earlene,Stiedemann
Pete,Baumbach
Braxton,Hand
Lydia,Maggio
Rod,Moore
Lottie,Jerde
Brook,Armstrong
Shanon,Kuhn
Graciela,Rice
Allison,Schneider
Domenic,Bartoletti
Jamie,Zieme
Eudora,Larson
Mervin,Veum
Candice,Maggio
David,Fadel
Jessica,Hegmann
Rhianna,Prosacco
Avery,Stehr
Loren,Bahringer
Gerardo,Fahey
Hollie,Bartoletti
Gracie,Effertz
Bryana,Jaskolski
Ernestina,Boyer
Haleigh,Casper
Ransom,Kilback
Katheryn,Roob
Joelle,Ebert
Adrienne,Reinger
Casimer,Botsford
Alyce,Predovic
Trace,Cassin
Brody,Bauch
Emerald,Botsford
Joel,Von
Rahul,Bogisich
Nathanial,Schaden
Alvena,Torp
Josefina,Hintz
Russel,Senger
Christiana,Wisozk
Keshawn,Abbott
Verla,Monahan
Judd,Bergstrom
Emilio,Friesen
Meda,Murphy
Coralie,Cruickshank
Chaz,Hahn
Lue,Wilkinson
Trisha,Rutherford
Elsa,Greenholt
Maria,Morar
Sadye,Casper
Steve,Weber
Lew,Kreiger
Thad,Kihn
Krystel,Cremin
Aaliyah,Kozey
Osvaldo,Kessler
Erick,Upton
Bert,VonRueden
Coy,Berge
Bria,Murazik
Dominique,Shanahan
Jazmyn,King
Elroy,Stiedemann
Norbert,Jakubowski
Tracy,Lebsack
Deja,Lakin
Willow,Hodkiewicz
Savanna,Kertzmann
Chelsey,Gulgowski
Lafayette,Padberg
Malinda,D'Amore
Daren,White
Eli,Towne
Selmer,Schinner
Adella,Purdy
Omari,Stanton
Pierre,Kozey
Mandy,Stracke
Ervin,Crooks
Marquis,Wyman
Layla,Wyman
Mina,Quigley
Imani,Barrows
Jose,VonRueden
Demetrius,Rodriguez
Maryjane,Bode
Moses,Nitzsche
Caitlyn,Armstrong
Angela,Schamberger
Grant,Yost
Glenda,Breitenberg
Maurine,Schiller
Dorris,Greenholt
Thea,Hauck
Brandyn,Fay
Lyla,Rippin
Marcella,Adams
Thalia,Hand
Pauline,Keebler
Peyton,Brakus
Clark,Nicolas
Stacey,Bayer
Neva,Predovic
Preston,Herzog
Julius,Leannon
Era,Greenholt
Urban,Boyle
Imelda,Halvorson
Mustafa,Christiansen
Rosalee,Lubowitz
Titus,Kihn
Scottie,Brekke
Elbert,Brown
Vivian,Miller
Evert,Barton
Irwin,Leannon
Darian,Aufderhar
Willow,Franecki
Manley,Murray
Taya,Jenkins
Cloyd,Walker
Wyatt,Corwin
Brooks,Brekke
Blaise,Conroy
Lela,Koss
Devonte,Quitzon
Cornelius,Huel
Guiseppe,Greenholt
Colten,Douglas
Harrison,Kilback
Thelma,Murray
Gregory,Cartwright
Norene,Brekke
Winifred,Klocko
Armando,Renner
Urban,Kilback
Meaghan,Runolfsson
Jacquelyn,Sanford
Brooklyn,Ratke
Dax,Aufderhar
Quincy,Lubowitz
Sallie,Robel
Arnulfo,Kulas
Jimmie,Kunde
Geovany,Ritchie
Hollie,Robel
Ramiro,Bartoletti
Orrin,Mayer
Kristian,Kshlerin
Vidal,Turcotte
Orrin,Ankunding
Lonnie,Wisozk
Leora,Bauch
Samara,McGlynn
Stephan,Kihn
Ressie,Dietrich
Bette,Padberg
Anya,Schoen
Tyree,Stiedemann
Elsie,Keebler
Zachary,Casper
Delta,Stokes
Vinnie,Abernathy
Ashtyn,Swift
Flavio,Mann
Yasmin,Stamm
Jeffery,Emard
Nathen,Heaney
Jameson,Kovacek
Vidal,Stroman
Jeanie,Spencer
Myrtice,Boyer
Pablo,Schmitt
Chloe,Abshire
Florencio,Jaskolski
Nicole,Bogisich
Kailyn,Hermann
Ronaldo,Koss
Jackson,Kemmer
Meda,Champlin
Gaston,Hamill
Halie,Kozey
Stan,Batz
Carlos,Pfeffer
Ashley,Hagenes
Tom,Paucek
Madonna,Rosenbaum
Eleonore,Green
Gladys,Huel
Michael,Hilll
Colton,Funk
Mervin,Rippin
Elda,Walsh
Sandrine,McCullough
Chyna,Schaefer
Kyra,O'Connell
Kaleb,Erdman
Evalyn,Wisozk
Tia,O'Connell
Avery,Zulauf
Brandy,Harber
Ivah,Beatty
Mathew,Walker
Avery,O'Reilly
Velva,Kuhic
Angelita,Bins
Anita,Grimes
Gunner,Dooley
Wilhelmine,Witting
Ruthe,Schumm
Robbie,Rosenbaum
Delphine,Gleichner
Keshawn,Klocko
Haylee,Swift
Dariana,Jaskolski
Maudie,Lemke
Rusty,Cassin
Agnes,Harvey
Janice,Roberts
Bonnie,Towne
Edison,Beatty
Fletcher,Waters
Scarlett,Brown
Anita,Harvey
Marlin,Padberg
Madelyn,Windler
Angelina,Ernser
Wilford,Volkman
Jules,Jewess
Pierre,Powlowski
Yadira,Terry
Nona,Klein
Daisha,Murphy
Jensen,Wiegand
Price,Herman
Arnulfo,Bradtke
Leta,Little
Laurine,Braun
Phyllis,Bednar
Rodrigo,Schuster
Alfonso,Vandervort
Barney,Runolfsdottir
Vladimir,Jacobson
Eloisa,Johns
Josue,Hessel
Hassie,Rohan
Stanford,Bednar
Remington,Prosacco
Braulio,Tillman
Tobin,Farrell
Abdul,Ward
Adonis,Stark
Hugh,Schmeler
Alana,Boyer
Gertrude,Nitzsche
Tyson,Corwin
Letha,Considine
Westley,Will
Pink,Hamill
Moriah,Moen
Merlin,Jones
Jarrett,Gottlieb
Jackie,Swift
Glennie,Collins
Adriel,Bergnaum
Lorenza,Mueller
Monty,Fisher
Berta,Hagenes
Lola,Bayer
Nat,Wisozk
Vicky,Crona
Assunta,Towne
Lydia,McCullough
Cierra,Lubowitz
Shyanne,Kiehn
Marianna,Mitchell
Kailey,Schmitt
Corrine,Schamberger
Jameson,Wehner
Juana,Veum
Lilly,Rowe
Jarred,Breitenberg
Amir,Klocko
Ron,Quigley
Randi,Gusikowski
Lessie,Schuster
Dennis,Leannon
Ben,Dietrich
Taurean,Mayer
Coralie,Hyatt
Sedrick,O'Keefe
Montana,Jerde
Cleve,Erdman
Serena,O'Kon
Randi,Larkin
Kenna,Cartwright
Andre,Kulas
Isidro,Sipes
Paula,DuBuque
Donna,Balistreri
Velda,Weber
Florine,Ledner
Elisabeth,Johnson
Seamus,Mann
Theresia,Gleason
Noble,Welch
Candelario,Jacobson
Aubree,Rippin
Glenna,Oberbrunner
Adell,Yundt
Jany,Schmitt
Curtis,Pacocha
August,Kuphal
Jeremie,Berge
Aryanna,Strosin
Marcos,Wilderman
Darron,Kuvalis
Ulises,Pouros
Kyra,Ondricka
Jaylan,Stehr
Eusebio,Kris
Nolan,Grimes
Keven,Corkery
Else,Beahan
Emiliano,Funk
Theron,Quitzon
Owen,Hodkiewicz
Presley,Keebler
Maye,Roberts
Kattie,Hand
Darrick,Cremin
Florence,Blanda
Carole,Stehr
Damon,Veum
Hubert,Schmitt
Liana,Leannon
Macy,Tremblay
Jon,Labadie
Gilbert,Barton
Deion,Ullrich
Sebastian,Murray
Jadon,Wehner
Virgie,Wunsch
Peggie,McDermott
Santino,Dooley
Shyann,Shanahan
Norma,Thompson
Pansy,Hammes
Ted,Keebler
Orpha,Emard
Lurline,Adams
Dedric,Cronin
Barry,Jenkins
Brannon,Brown
Jedediah,Sipes
Edgardo,Lemke
Christian,Franecki
Yasmin,Luettgen
Savion,Kuhn
Leopoldo,Gutkowski
Loren,Hills
Luella,Carter
Oda,Becker
Steve,O'Reilly
Wilfrid,Treutel
Arlene,Schumm
Gladys,Dare
Jedidiah,Fahey
Roselyn,Sipes
Darius,Vandervort
Raymundo,Braun
Rhett,Nolan
Elinore,Crona
Manuela,Brakus
Alene,Cummings
Lucius,Miller
Geovanny,Bins
Mae,Balistreri
Javon,Crooks
Monroe,Bergstrom
Wilmer,West
Roman,Boehm
Florida,Gutmann
Raphaelle,Blick
Godfrey,Ritchie
Solon,Bailey
Aylin,O'Conner
Winfield,Kuhn
Cora,Wisozk
Timothy,Skiles
Shad,Cormier
Juana,Kris
Hadley,King
Junior,Schaefer
Bailee,Rempel
Cortez,Ortiz
Remington,Jacobs
Madisyn,Runolfsson
Brenden,Breitenberg
Helga,Effertz
Domenica,O'Kon
Reginald,Davis
Paris,Dare
Kelley,Erdman
Amelie,Becker
Dean,Brekke
Emelia,Dicki
Marilie,Hamill
Maureen,Fritsch
Timothy,Kuhn
Shany,Champlin
Emmalee,Friesen
Aglae,Lockman
Sasha,Kovacek
Rosetta,Torp
Suzanne,Schaden
Tom,Kessler
Paris,Ferry
Dolores,Farrell
Dorothea,Jast
Lizzie,Adams
Bernhard,Witting
Hulda,O'Reilly
Belle,Kuhlman
Wilfrid,Herzog
Carolanne,Reynolds
Jaeden,Murphy
Gerard,Turner
Emiliano,Reinger
Melany,Jacobs
Armand,Nikolaus
Casper,Hills
Veronica,Weissnat
Estel,Abernathy
Elta,Homenick
Daisy,VonRueden
Bessie,Hilll
Emmet,Ankunding
Kip,Schneider
Gillian,Gibson
Alfred,Lueilwitz
William,Leannon
Heather,Rath
Maximilian,Altenwerth
Kiel,Crist
Lucius,Haley
Wilfrid,King
Kayden,Will
Jamison,Torp
Maureen,Frami
Orpha,Okuneva
Lauryn,Watsica
Amiya,Mann
Isabell,Kozey
Katrina,Deckow
Adaline,Waelchi
Darren,Lueilwitz
Maggie,Kohler
Brielle,Morar
Flo,Jaskolski
Rodolfo,Barton
Alexis,Runte
Mara,Bode
Elian,Fadel
Orie,Bashirian
Abby,Abbott
Kristina,Emmerich
Marcos,Hahn
Lavon,Corwin
Lavina,Metz
Clotilde,Koss
Rosanna,Cronin
Ernestina,Goodwin
Einar,Dach
Ruby,Corkery
Fidel,Steuber
Mona,Swift
Zella,McCullough
Serena,Stehr
Bryana,Batz
Eveline,Mertz
Megane,Brown
Selina,Gottlieb
Aaliyah,Conroy
Xander,Ferry
Herminio,Emmerich
Boyd,Kassulke
Xzavier,Quigley
Jorge,Hermiston
Florian,Turcotte
Addie,Ritchie
Tiffany,Reilly
Alford,Blick
Judge,McDermott
Roselyn,Russel
Dino,Emmerich
Theodora,Stanton
Doug,Abshire
Juanita,Hahn
Stephan,Macejkovic
Earline,Feeney
Frederic,Nienow
Monserrat,Collins
Ned,Ernser
Modesto,Wilderman
Katelyn,Larson
Rahul,Romaguera
Camilla,Weissnat
Larry,Schaden
Scot,Mante
Jaime,Terry
Hoyt,Leuschke
Abdul,Beier
Brent,Romaguera
Patricia,Klocko
Catharine,Skiles
Finn,Sawayn
Burley,Quitzon
Jasen,Kuvalis
Tyrese,Jerde
Cassidy,Renner
Reanna,Mueller
Antoinette,Bartoletti
Ova,Dickens
Garfield,Wintheiser
Cheyenne,Lehner
Loyce,Terry
Harold,Zboncak
Janis,Muller
Rosalia,Hegmann
Elmo,Emmerich
Alycia,Osinski
Brain,Abernathy
Juwan,Donnelly
Gwendolyn,Adams
Ismael,Kemmer
Brent,Dach
Maxime,Wolff
Edwina,Ratke
Franz,Heidenreich
Ryley,Rice
Fae,Crooks
Wilfrid,Anderson
Letitia,Greenholt
Kaitlyn,Kreiger
Katrina,Feil
Dion,Hintz
Iva,Schmitt
Ally,VonRueden
Eugene,Hirthe
Stephen,Pagac
Uriel,Lang
Alyce,Bergnaum
Santos,Daniel
Walter,Gorczany
Katarina,Douglas
Macie,Windler
Candida,Leuschke
Mackenzie,Cummings
Adrien,O'Keefe
Sydnee,Rice
Margaretta,Cole
Shea,Davis
Holden,Schimmel
Reggie,Dickinson
Makenzie,Tremblay
Maybell,Hegmann
Zakary,Shields
Nichole,Haley
Vita,Littel
Crystel,Steuber
Mercedes,Hilll
Eric,Boyle
Lydia,Connelly
Kaleigh,Franecki
Elmore,Russel
Cooper,McClure
Reynold,Barton
Bartholome,Schamberger
Stefan,Casper
Hermann,Bogisich
Gustave,Stokes
Chandler,Corkery
Donnell,Okuneva
Aracely,Wiegand
Lula,Hartmann
Kamron,Schamberger
Patience,Lang
Karlee,Gerlach
Novella,Beatty
Lilliana,Schimmel
Ellis,Borer
Maci,Kessler
Alexis,Leffler
Kaci,Watsica
Laney,Kunze
Elsa,O'Reilly
Addie,Dooley
River,Flatley
Bryana,Rosenbaum
Lelah,Howe
Soledad,Braun
Victor,Keeling
Gay,Sauer
Hellen,Marvin
Conner,Kiehn
Lonie,Stamm
Leon,Hansen
Weldon,Hilpert
Burdette,Hand
Mariana,Stark
Eldridge,Keebler
Sophia,Gaylord
Jacklyn,Goldner
Ava,Smith
Heather,Yundt
Nikita,Witting
Leda,Jakubowski
Emory,Durgan
Antoinette,Kutch
Branson,Rosenbaum
Katlynn,Halvorson
Tracey,Bernier
Joel,Eichmann
Laurence,Price
Kailyn,Bauch
Frederik,Koss
Elroy,Beer
Emmanuelle,Daugherty
Kacey,Prosacco
Elyssa,Huels
Guadalupe,Doyle
Angela,Rodriguez
Freida,Powlowski
Scarlett,Veum
Anastasia,Connelly
Newton,Willms
Malcolm,Koch
Margret,Casper
Brennon,Lang
Allan,Wehner
Alverta,Gerhold
Jasper,Stamm
Chanel,DuBuque
Grover,Paucek
Emmy,Kutch
Al,Cruickshank
Carson,Hoppe
Micaela,Krajcik
Kendall,Kuhn
Bartholome,Gleichner
Walter,Koss
Hardy,Stanton
Edmund,Parker
Cassidy,Gislason
Savion,Gleichner
Liza,Walker
Carmelo,Schmeler
Shanel,Sipes
Lucile,Reichel
Stanford,Deckow
Van,Jacobson
Janessa,Trantow
Anne,Bailey
Garrison,Walsh
Mable,Schmitt
Randall,Robel
Wilbert,Beatty
Lexie,Weimann
Trace,Gusikowski
Kaela,Feest
Albin,Hansen
Gaetano,Erdman
Izaiah,Gerlach
Luciano,Adams
Serenity,Bauch
Ward,Prosacco
Leda,Kreiger
Gerardo,Smith
Khalil,Rowe
Cydney,Hills
Nakia,Ryan
Isabelle,McCullough
Boyd,Tromp
Schuyler,Donnelly
Adrianna,Stark
Leola,Hickle
Mckenzie,Botsford
Celine,Russel
Durward,Shanahan
Jarvis,Terry
Verda,Altenwerth
Trevor,Metz
Nikita,Yost
Willy,Zulauf
Dayna,Gerlach
Daisha,Hudson
Hank,Murazik
Marianne,Corkery
Tobin,King
Katherine,Steuber
Consuelo,Boehm
Angeline,Wilderman
Abbigail,Leffler
Daphney,Schiller
Megane,Grant
Jan,Gorczany
Keara,White
Delilah,Lang
Maud,Kohler
Deanna,Mueller
Aliyah,Heller
Milo,Thompson
Octavia,Schmitt
Daniela,Keebler
David,Rolfson
Wilmer,Larson
Arnoldo,Dare
Priscilla,Swaniawski
Giovani,Johnson
Michelle,Walter
Meda,Heaney
Aaron,Blick
Vernie,Wunsch
Michaela,McGlynn
Demetris,Breitenberg
Harold,Watsica
Samir,Jakubowski
Corene,Harris
Noble,Homenick
Tyrese,Tromp
Ellen,Treutel
Rosalinda,Kulas
Yoshiko,Erdman
Lila,Kilback
Geovanni,Towne
Meda,Oberbrunner
Larissa,Champlin
Werner,Botsford
Darian,Moore
Adriel,Weimann
Rasheed,Harber
Pedro,Collier
Enrique,Wuckert
Geovany,Herman
Myrl,Runolfsdottir
Camden,Leffler
Brook,Rodriguez
Nasir,Hintz
Chad,Weissnat
Annetta,Marvin
Hugh,Considine
Eulalia,Toy
Meredith,Bahringer
Dino,Grant
Molly,Leffler
Haley,Heller
Kole,O'Reilly
Mustafa,O'Connell
Norwood,Pollich
Hulda,Kiehn
Dorthy,Macejkovic
Claudine,Brown
Beverly,Spinka
Aubree,Swift
Caitlyn,Pfeffer
Lia,Blick
Beulah,Kuhn
Dena,Wolf
Garrison,Osinski
Harmon,Davis
Pearlie,Pouros
Myron,Frami
Allen,Sipes
Terrill,Monahan
Kenton,Herman
Lessie,Bailey
Daniela,Satterfield
Eleonore,Schuppe
Polly,Nicolas
Cory,Walsh
Erwin,Oberbrunner
Alice,Hartmann
Jerrod,Mitchell
Delbert,Robel
Andres,Green
Lamar,Lind
Myrtle,Oberbrunner
Mabel,Tremblay
Nikki,Brakus
Samanta,Moore
Mallory,Hettinger
Abelardo,Prosacco
Aliya,Fadel
Lonzo,Abbott
Amanda,Veum
Maya,Anderson
Taylor,Hammes
Alphonso,Corwin
Reece,Anderson
Cory,Wiegand
Rick,Dietrich
Philip,Haley
Angelita,Botsford
Assunta,Tillman
Eulah,Turcotte
Meaghan,Powlowski
Ethelyn,Harris
Laney,Schoen
Erick,Daniel
Luther,Friesen
Francesca,Kunde
Alisa,Roberts
Zetta,Goldner
Christiana,Stracke
Grover,Swaniawski
Elisabeth,Watsica
Allison,Metz
Enos,Schowalter
Sylvia,Raynor
Alexzander,Schuppe
Meggie,Olson
Cleora,Medhurst
Darby,Wisozk
Katrina,Corwin
Mara,Goyette
Lula,Pollich
Jan,Donnelly
Irwin,Rau
Ubaldo,Boehm
Yazmin,Reinger
Pink,Wyman
Favian,Kunze
Donna,Oberbrunner
Irving,Carroll
Queenie,Friesen
Jaunita,Grimes
Lamont,Walsh
Willy,Fahey
Mabelle,Emmerich
Price,Bernhard
Marina,Rosenbaum
Lester,Lubowitz
Charlene,Abernathy
Zelda,Marvin
Alize,McDermott
Flavie,Langosh
Cloyd,Bartell
Katlynn,Bins
Jocelyn,Quigley
Georgianna,Schmidt
Leopoldo,Schinner
Manuela,Brakus
Earnest,Pfeffer
Brady,Kessler
Athena,Nienow
Pearl,Pagac
Etha,Russel
Eloy,Wisozk
Jameson,Ledner
Wilford,Hilll
Etha,Heidenreich
Clarissa,Hudson
Audie,Brakus
Gerald,Boyle
Kurt,Von
Joanie,Shanahan
Norberto,Jakubowski
Krystina,Pfeffer
Lonzo,Bahringer
Royce,Adams
Adolfo,Barton
Kendrick,Jewess
Johnny,Carroll
Kiel,Bartell
Rita,Purdy
Joel,Casper
Pattie,Jacobi
Ellis,Baumbach
Ceasar,King
Ole,Pouros
Shawna,Wisoky
Orrin,Ritchie
Milo,Toy
Marquis,Swift
Elmore,Tromp
Lance,Stokes
Shane,Herman
Aliya,Schmitt
Reagan,Conn
Tito,Botsford
Sheldon,Rodriguez
Gay,Powlowski
Mabel,Donnelly
Kathlyn,Bartell
Jeffery,Kuhlman
Joshua,Lind
Destiny,Collins
Jayson,Bosco
Maverick,Turcotte
Sidney,Schroeder
Earlene,Hane
Daisy,McLaughlin
Idella,Schmitt
Khalid,Kovacek
Mabelle,Tillman
Godfrey,Harris
Clarabelle,Hammes
Cheyenne,Smitham
Anibal,Streich
Cyrus,Jenkins
Savion,Bins
Wiley,Beahan
Darby,Metz
Candida,Collins
Lonny,Ferry
Precious,Dooley
Lavinia,Ortiz
Laverne,Dooley
Destiney,Franecki
Name,King
Jon,Leannon
Kiarra,Lubowitz
Floyd,Ankunding
Manley,Luettgen
Violette,Pacocha
Margret,Mosciski
Kianna,Wunsch
Weldon,Renner
Heaven,Weissnat
Paris,Roberts
Guiseppe,Kessler
Cordelia,Roberts
Frederique,Goldner
Enos,Bernhard
Jessica,Skiles
Hailey,O'Reilly
Kianna,Aufderhar
Wellington,Ferry
Gussie,Anderson
Everette,Pfeffer
Clinton,Romaguera
Deontae,Lynch
Cedrick,Predovic
Werner,Thompson
Dejon,Wolf
Elliott,McDermott
Elmira,McLaughlin
Ransom,Streich
Adela,Haag
Nicholas,Fay
Veda,Thiel
Adam,Rippin
Javon,Batz
Layne,Stoltenberg
Ervin,Berge
Felicity,Reynolds
Sigrid,Borer
Gretchen,Abbott
Natalia,Jacobson
Joshua,Kirlin
Rubye,Rowe
Deanna,Marvin
Nils,Huel
Cullen,Osinski
Norwood,Strosin
Domenic,Spencer
Ernesto,Zulauf
Aurore,Zieme
Herminia,Brown
Octavia,Kerluke
Waldo,Olson
Kelsi,White
Arthur,Reynolds
Aniyah,Daugherty
Dexter,Funk
Shakira,Emmerich
Emely,Turner
Miles,Lehner
Edna,Kunde
Carlie,Crona
Irma,Heaney
Pauline,Waters
Orville,Kutch
Caleb,Romaguera
Jalon,Beatty
Claudine,Harris
Audra,Kunde
Uriel,Paucek
Lempi,Green
Estrella,Ortiz
Derick,Stroman
Zena,Cruickshank
Amber,Bradtke
Lola,Christiansen
Myles,Beer
Yasmine,Osinski
Hermina,Yundt
Kaylah,Jacobs
Marlee,Armstrong
Leonora,Skiles
Anibal,Muller
Emery,Haley
Mylene,Crona
Cielo,Wiza
Clifton,Oberbrunner
Ethyl,Kuvalis
Merle,Boyer
Lurline,Connelly
Kaden,Vandervort
Benny,Beier
Natalie,Marvin
Hester,Nicolas
Susie,Schoen
Bethany,Gibson
Maritza,Hilll
Clifton,Heaney
Tony,Koch
Shawna,Stracke
Rasheed,Bergnaum
Juana,Herzog
Sibyl,Weissnat
Gail,Little
Dayton,Bartell
Samanta,Ruecker
Damaris,Schuppe
Daisy,Kreiger
Jack,Wiegand
Judson,Kuhn
Gust,Nicolas
Lew,Cassin
Verda,Rempel
Hilma,Pollich
April,Eichmann
Orrin,Reilly
Van,Parisian
Selena,Zemlak
Lisa,Schneider
Elza,Boyer
Jaycee,Gibson
Letitia,Maggio
Natalie,Lakin
Toni,Pacocha
Jerome,Schroeder
Tania,Ward
Jose,Lakin
Emely,Wilderman
Nikolas,Yost
Isaiah,Thiel
Bell,Wyman
Autumn,Rau
Kraig,Weissnat
Cordell,Willms
Caesar,Schumm
Dax,Runte
Nels,Hudson
Milton,Homenick
Eveline,Jerde
Elisha,Abshire
Clemens,Bogan
Dylan,Harris
Stephon,Franecki
Eusebio,Bauch
Conner,Hudson
Alysha,Abernathy
Raphaelle,Wunsch
Jany,Sauer
Edwardo,Wiza
Brando,Terry
Benedict,Gerhold
Estell,Moore
Victor,Sawayn
Alec,Barrows
Keeley,Kunze
Trevor,Block
Alva,Schuster
Blake,Labadie
Katrina,Hane
Merle,Goodwin
Elda,Johnston
Wilmer,Becker
Will,Kertzmann
Manuel,Gulgowski
Halie,Armstrong
Neha,Reichert
Itzel,Bernhard
Aileen,Kohler
Ona,Marquardt
Rico,Cummings
Charity,Gutkowski
Melyna,Davis
Horacio,Gerhold
Maya,Murazik
Dusty,Williamson
Lenny,Morar
Cleve,West
Jordyn,Volkman
Hubert,Sanford
Giles,Nader
Seamus,Nader
Rafael,Walter
Amanda,Boehm
Florencio,Mertz
Abraham,Wehner
Keeley,Krajcik
Gregory,Feeney
Marty,Williamson
Lemuel,Corkery
Emerald,Koch
Jaron,Koss
Shane,Smitham
Patience,Marks
Cordelia,O'Keefe
Garry,Aufderhar
Genoveva,Welch
Elias,Crooks
Alaina,Quigley
Kelsie,Lakin
Marjory,Lind
Edd,Medhurst
Margot,Bechtelar
Elsa,Boyle
Frankie,Hegmann
Shemar,Hammes
Nichole,Schuster
Beau,Towne
Reid,Lemke
Holden,Gutmann
Waylon,Bechtelar
Tiana,Koelpin
Myron,Flatley
Ernestina,Howell
Matilda,O'Keefe
Kirk,O'Hara
Jillian,Funk
Vesta,Lueilwitz
Salma,Barton
Julio,Turner
Asia,Rowe
Burley,Ledner
Alyson,Green
Vidal,Schiller
Chloe,Hermann
Abbie,Keebler
Garth,Heller
Vallie,McClure
Jewel,Powlowski
Deanna,Lebsack
Kirsten,Marquardt
Walker,Turcotte
Lionel,Kirlin
Desiree,Cremin
Jacinto,Lind
Chelsie,Trantow
Pearl,Kuvalis
Judah,Kozey
Jacinthe,Crooks
Chad,Johnston
Hulda,Kuhn
Chanelle,Nienow
Charles,Hahn
Brandon,Douglas
Jaqueline,Dare
Paige,Hirthe
Xzavier,Macejkovic
Katharina,Wehner
Keshawn,Frami
Marta,Goyette
Ashtyn,Schaden
Annamarie,Sipes
Tia,Krajcik
Green,Denesik
Marley,Pagac
Tristian,Barton
Eliseo,Kemmer
Vincenza,Jacobson
Braulio,Kohler
Dedrick,Von
Ellsworth,Bode
Dorothea,Schoen
Carrie,Herzog
Ted,Feeney
Clarabelle,Zieme
Meggie,Volkman
Luther,Kunze
Beryl,Little
Marcelino,Boehm
Leonardo,Lesch
Greyson,Konopelski
Katelynn,Kuhn
Jerome,Will
Jefferey,Nikolaus
Alexa,O'Connell
Oran,Roberts
Reina,Hirthe
Tony,Kassulke
Samir,Walsh
Lavonne,Runolfsson
Kolby,Kilback
Lesly,Streich
Hazel,Maggio
Alysha,Renner
Giles,Kassulke
Teresa,Brekke
Twila,Gottlieb
Lessie,Collins
Ocie,Hermiston
Al,Lynch
Aiden,Runte
Maverick,Beahan
Lemuel,Upton
Jerald,Lindgren
Deshawn,Goldner
Hildegard,Abernathy
Columbus,Bogan
Miles,Schamberger
Jude,Walker
Fanny,Williamson
Euna,Reynolds
Mozell,Feeney
Elwin,Waelchi
Kylee,Stoltenberg
Candelario,Willms
Destini,Shanahan
Blanca,Smitham
Kaelyn,Predovic
Reilly,Wiegand
Alfreda,Heidenreich
Zane,Marks
Caroline,Cartwright
Elias,Roob
Nasir,Kihn
Laurence,Rempel
Herminio,Abernathy
Letha,Bartoletti
Arturo,Hansen
Harry,Kuhn
Jesse,Kuphal
Jerome,Steuber
Sally,Walker
Alvina,Flatley
Maureen,Kulas
Eleazar,Balistreri
Audrey,Homenick
Lazaro,Koelpin
Flavio,Kuhn
Joesph,Lesch
Jayce,Ebert
Marlin,Renner
Annette,Herman
Florence,Boyer
Rodger,Konopelski
Kareem,Smitham
Vito,Hyatt
Coy,Torphy
Darwin,Schmitt
Deborah,Glover
Aida,Schuppe
Rosario,West
Wilford,DuBuque
Antone,Ondricka
Jimmie,Jast
Oren,Stark
Maxine,Senger
Jacynthe,West
Bradford,Armstrong
Corbin,Moen
Carole,Doyle
Benjamin,Funk
Isai,Grady
Elvera,Tromp
Kayden,Rosenbaum
Ciara,Tillman
Laurel,Mann
Salvatore,Casper
Grant,Hills
Morris,Schmeler
Glenda,Berge
Jennyfer,Spencer
Else,Jerde
Larry,Lesch
Ignatius,Lueilwitz
Adolf,Metz
Demond,Murazik
Lisandro,Koch
Monty,Hettinger
Madge,Ferry
Ana,Lynch
Trenton,Rice
Rey,Greenfelder
Brook,Cole
Eda,Mertz
Felicita,Kshlerin
Nicola,Roob
Savanna,Wyman
Nicolette,Rogahn
Jannie,Wiza
Anabelle,Homenick
Omer,Christiansen
Elliot,Prohaska
Viola,Schoen
Mathias,Padberg
Jayme,Krajcik
Kendrick,Spinka
Timmothy,Koch
Nayeli,Nienow
Trycia,Kuphal
Sister,Farrell
Joannie,Orn
Billy,Jerde
Lewis,Will
Martina,Rice
Austyn,Kautzer
Louisa,Grant
Sabrina,Ernser
Mitchell,Shields
Raheem,Renner
Elisha,Pollich
Cesar,Kautzer
Dustin,Rippin
Ahmed,Dickens
Kirstin,Abbott
Faustino,Schaden
Candace,Wehner
Chelsey,Ebert
Urban,Goldner
Pansy,Rowe
Sage,Dietrich
Destini,Kemmer
Cary,Fisher
Jackie,Bartoletti
Lenna,Osinski
Halie,Kshlerin
Salvatore,D'Amore
Destin,Hilpert
Presley,Roob
Pauline,Hamill
Kari,Keeling
Renee,Stiedemann
Denis,Oberbrunner
Loyal,Reynolds
Aiden,Towne
Vergie,Boehm
Elena,Streich
Waldo,Runolfsson
Saul,Keebler
Devonte,Greenfelder
Israel,Fahey
Keshaun,Blick
Julien,Gislason
Maverick,Lynch
Hazel,Walker
Beatrice,Lockman
Tressa,Senger
Amalia,Koss
Jensen,Rogahn
Juliana,Predovic
Alicia,Hegmann
Laurianne,Waelchi
Marietta,O'Keefe
Brannon,Mohr
Ignacio,Lindgren
Jacynthe,Wolff
Brandt,Conroy
Sanford,Kunze
Alexandra,Streich
Gerson,White
Louvenia,Crooks
Sedrick,Considine
Houston,Gusikowski
Abagail,Bergnaum
Gail,Lind
Darryl,Ritchie
Julian,Rodriguez
Milton,Kiehn
Alexie,Crona
Ima,Welch
Hilma,Hamill
Stephanie,Fritsch
Benedict,Green
Carmine,Denesik
Meda,Durgan
Tomasa,Douglas
Viviane,Waelchi
Callie,Konopelski
Madalyn,Ullrich
Earnestine,Schultz
Tyrese,Walter
Johnny,Gibson
Trevor,Waelchi
Orland,Carroll
Leopoldo,Jakubowski
Lenora,DuBuque
Wallace,Hane
Kristoffer,Nikolaus
Terrance,McGlynn
Elinor,Rau
Molly,Reinger
Madyson,Walter
Valentina,Bins
Gay,Romaguera
Waino,Kuphal
Maurine,Wilderman
Guido,Herzog
Emil,Goldner
Alvis,Kautzer
Paula,Bernhard
Angus,Towne
Mohammad,Davis
Maybell,Armstrong
Ernesto,Klein
Shad,Bins
Brennon,Schimmel
Lester,Crist
Shany,Dare
Ignatius,Barton
Wilburn,Cartwright
Kristina,Welch
Arnulfo,Gusikowski
Timothy,Bashirian
Trevion,Koelpin
Kaylee,Russel
Nelson,Prosacco
Roberto,Schmeler
Wilber,Cormier
Verner,Zulauf
Noemi,Kuhic
Anastacio,Emard
Mortimer,Kessler
Wilma,Thiel
Hillary,Daugherty
Buddy,Crona
Brannon,Stroman
Remington,Kuhlman
Gladyce,Boyer
Osvaldo,Heidenreich
Fermin,Lubowitz
Yazmin,Stroman
Denis,Marvin
Robb,Lowe
Katarina,Gulgowski
Cordie,Metz
Jena,Waters
Jesse,Kutch
Scotty,Konopelski
Karlie,Leuschke
Glenna,Hauck
Glenna,Hermann
Randy,Wuckert
Missouri,Konopelski
Adrien,Barton
Madalyn,Mayert
Rhoda,Thiel
Ransom,Schiller
Gonzalo,Kuvalis
Ernesto,Lesch
Phyllis,Hermiston
Nettie,Muller
Kory,Mann
Marley,Franecki
Patience,Dicki
Frances,Tillman
Carole,Kub
Chyna,Abbott
Bonnie,Ullrich
Reuben,Dicki
Francisca,McCullough
Deshawn,Spencer
Peter,Erdman
Quentin,Roberts
Tessie,White
Bethel,Collier
Marlin,Lakin
Lucinda,Keeling
Delmer,Denesik
Domenico,Orn
Brennon,Hoeger
Ettie,Strosin
Marcus,Hermann
Jalen,Bauch
Queen,Medhurst
Dell,Cartwright
Maudie,Lemke
Catharine,Grady
Uriel,Tremblay
Marta,Gorczany
Laurine,Monahan
Tamia,Willms
Imelda,Leffler
Shemar,Dooley
Rebekah,Gorczany
Alessandra,Douglas
Daphnee,Kub
Will,Bahringer
Trisha,Heathcote
Lucas,Huels
Amina,Romaguera
Zita,Graham
Colten,Schroeder
Tillman,Lehner
Leonora,Boyer
Abigayle,Sauer
Scarlett,Hammes
Alejandra,Hyatt
Jermaine,Dickens
Shawn,Kohler
Timothy,Willms
Ayden,Bogan
Kavon,Bosco
Gregg,Bahringer
Reese,Kuhn
Gisselle,McDermott
Kenny,Homenick
Kaden,Weimann
Eryn,Langworth
Genesis,Howe
Evert,Krajcik
Dedric,Doyle
Norene,Cormier
Diamond,Hansen
Lonny,Veum
Bernadine,Watsica
Wilber,Crona
Hortense,Dach
Jamil,Murazik
Kaycee,Marvin
Aiyana,Reynolds
Marshall,Mosciski
Rodrigo,Lockman
Kristin,Kshlerin
Frank,Fritsch
Don,Runte
Rachel,Zboncak
Cordelia,Balistreri
Yasmine,Ruecker
Antonio,Crooks
Ian,Ondricka
Amber,Kunde
Roel,Bartoletti
Kacey,Zemlak
Conor,Hartmann
Nico,Kutch
Gail,Hoppe
Anna,Cartwright
Melany,Jacobson
Cleora,Nader
Delphia,Ondricka
Aubree,Veum
Samson,Wisoky
Maddison,Kuphal
Gabriel,Berge
Virginia,Bogisich
Vernon,Braun
Gustave,Lemke
Raegan,Orn
Grover,Bradtke
Bernhard,Kozey
Haven,Braun
Fanny,Trantow
Celine,Reichel
Carlee,Kohler
Antone,Senger
Mario,Friesen
Celia,Schumm
Vincenza,Koelpin
Carlo,Cartwright
Janice,Baumbach
Cathryn,McCullough
Lincoln,Yundt
Jordane,Kling
Rafael,Zboncak
Ottis,Mueller
Beulah,Schimmel
Andre,Rohan
Reilly,Shields
Kamron,Parisian
Flavio,Conroy
Berry,Terry
Hettie,Jewess
Alexa,West
Mervin,Spencer
Deborah,Hegmann
Jaylon,Upton
Junius,Daniel
Heloise,Schultz
Alverta,Kub
Rosamond,Windler
Lexus,Bogisich
Jena,Feeney
Kaylee,Rippin
Augusta,Cartwright
Lilyan,Schamberger
Wallace,Kunde
Dax,Walter
Sydnie,Schaefer
Vicky,Crooks
Oleta,Monahan
Noe,Medhurst
Gay,Kertzmann
Marian,Kerluke
Erling,Reinger
Trinity,Prohaska
Mertie,Abshire
Norene,Kuhn
Quinton,Towne
Loy,Huels
Cameron,Lynch
Ara,Kuhlman
Maximillia,Grant
Jairo,Mayer
Alec,Romaguera
Shany,Waters
Ulices,Langosh
Joey,Kiehn
Edwina,Mosciski
Herbert,Goodwin
Vinnie,Okuneva
Laurine,Harber
Trudie,Parker
Wendell,Nader
Claudia,Fay
Lukas,Kerluke
Christina,Lesch
Edgar,Gerhold
Antonina,Fahey
Chasity,Haag
Dejah,Grady
Howell,Russel
Kaylie,Stiedemann
Bette,Collins
Carol,Kulas
Hope,Jacobson
Kade,Rippin
Elvera,Grady
Adell,Murazik
Beryl,Pacocha
Rahsaan,Lubowitz
Joy,Macejkovic
Francisca,Barton
Carolina,Flatley
Joelle,Langworth
Nicholaus,Cronin
Terrill,Witting
Emmie,Weimann
Alisha,Breitenberg
Carmine,Greenfelder
Lonny,Grimes
Bertrand,Champlin
Yessenia,Waters
Virginia,Wilderman
Peggie,Renner
Lilian,Will
Kyra,Prohaska
Arch,Gutmann
Rodolfo,Swift
Carli,Crona
Lawrence,Morissette
Emmy,Murphy
Sarah,Hermann
Stefan,Howe
Raphael,Raynor
Katelin,Towne
Cindy,Schoen
Ottilie,Hauck
Jade,Wiegand
Vito,Feil
Donna,Lynch
Darron,Bogan
Cristian,Auer
Janice,Conn
Aida,DuBuque
Kaylin,Hudson
Margaretta,Gorczany
Russ,Stehr
Damaris,Klocko
Alfonzo,Wilderman
Giovanni,Fay
Bud,Kub
Karen,Wyman
Arlo,Sauer
Tad,Huels
Hollis,Steuber
Jasmin,Becker
Walker,Flatley
Freda,Maggio
Wilton,Sipes
Aryanna,Funk
Adolph,Johns
Kip,Schinner
Jaycee,Abshire
Jaren,Moore
Clarissa,Schneider
Mustafa,Metz
Lowell,Ratke
Edd,Schumm
Leopoldo,Macejkovic
Arturo,Cremin
London,Stiedemann
Melisa,Kerluke
Eriberto,Runolfsdottir
Claudine,McDermott
Abraham,Becker
Noe,Hackett
Emilie,Jerde
Moshe,Maggio
Alexandrea,Witting
Ricky,Kuhn
Odessa,Cormier
Savanna,Rutherford
Marietta,Wyman
Oceane,Klocko
Sammy,Tromp
Malcolm,Becker
Margarete,Kiehn
Webster,Johnson
Nigel,Wilderman
Angela,Ebert
Edward,Effertz
Emely,Wiza
Ines,Considine
Hyman,Senger
Scottie,Gislason
Pansy,Kertzmann
Mervin,Crist
Nella,Luettgen
Demarco,Kris
Deondre,Mayert
Gabriel,Conroy
Matilde,Ruecker
Ila,Wunsch
Melany,Moore
Gregory,Crona
Junior,Johnston
Isabell,Marquardt
Roscoe,O'Conner
Retta,Braun
Guy,Prosacco
Viola,Dibbert
Una,Abshire
Ezequiel,Daugherty
Fabiola,Pacocha
Edwina,Howell
Elizabeth,Abbott
Austyn,Bahringer
Derick,Weimann
Pearl,Hagenes
Melvin,Effertz
Alvah,Bogisich
Lance,Goldner
Mertie,Miller
Pat,Grant
Sharon,Trantow
Kevon,Kuhic
Carolyn,Frami
Beth,Runolfsson
Jammie,Davis
Aliyah,Brekke
Keshawn,Hermiston
Harry,Lockman
Bette,Cummings
Gladys,Mraz
Wilma,Goldner
Francesco,Watsica
Eula,Hudson
Candido,Hartmann
Tracey,Mann
Marjolaine,Hilpert
Rebeka,Steuber
Brain,Conn
Peggie,Schumm
Leonel,Hintz
May,Kilback
Cordelia,Prosacco
Reva,Ferry
Theodore,Denesik
Johnny,Stiedemann
Earnest,Toy
Freda,Lakin
Ardith,Dicki
Dorcas,Kovacek
Osvaldo,Johnson
Reymundo,Jacobs
Cindy,Daugherty
Louie,Willms
Rita,Blick
Janick,Bernhard
Saige,Stoltenberg
Art,Leannon
Audie,Yost
Brannon,Bernhard
Brenna,Hessel
Juvenal,Bashirian
Madaline,Runolfsdottir
Emmett,Kunze
Abbie,Leffler
Sophia,Maggio
Margarette,Little
Janis,Schinner
Fidel,Franecki
Hobart,Weber
Kelsie,Dooley
Burnice,Brekke
Danyka,Dooley
Ted,Jacobson
Sydnee,Gaylord
Johanna,Grady
Michale,O'Keefe
Abbey,Maggio
Jamir,Hayes
Jabari,Spinka
Waylon,Grimes
Ebba,Bayer
Stephany,Collins
Antone,Lubowitz
Brett,Cormier
Terrell,O'Kon
Aurore,Cruickshank
Hobart,Johnson
Ardella,Brakus
Roxane,Zulauf
Cordelia,Ward
Rollin,Douglas
Fausto,Morissette
Wanda,Rice
Roberta,Durgan
Albina,Schulist
Mitchell,McDermott
Nick,Aufderhar
Stefan,Kub
Tyrique,Dietrich
Candelario,Kling
Cristobal,Rutherford
Cassandra,Tremblay
Carolyne,Langosh
Bertrand,Bogan
Delfina,Schowalter
Jefferey,Carter
Verla,Rosenbaum
Leola,Upton
Lottie,Barrows
Claud,Bogan
Luna,Conn
Esmeralda,Jaskolski
Fae,Christiansen
Claudine,Kub
Pat,Schowalter
Mittie,Abernathy
Selina,Medhurst
Norwood,Hoppe
Cora,Spencer
Violette,Runolfsson
Nestor,Torphy
Amelia,Koss
Alexandrea,Koss
Berta,O'Keefe
Jayce,Carter
Millie,Reinger
Cortney,Batz
Tierra,Christiansen
Kaitlin,Nader
Gerson,Maggio
Casper,Cremin
Bethel,Hickle
Chandler,Farrell
Marques,Pollich
Kade,Wisoky
Abraham,Kassulke
Carlee,Bailey
Beth,Gaylord
Cordell,Pagac
Susie,Blanda
Mattie,Conroy
Alanis,Bins
Asia,Legros
Lulu,Corkery
Columbus,Reichel
Gregory,VonRueden
Devyn,Altenwerth
Angus,Mosciski
Lonie,Wintheiser
Enola,Farrell
Judah,Yundt
Hudson,Schowalter
Jazlyn,DuBuque
Cecilia,Quigley
Janessa,Adams
Bert,Hayes
Rhett,Dickinson
Alvah,Nitzsche
Kelvin,Wiegand
Rocky,Schultz
Roy,Bogisich
Vern,Williamson
Sid,Schaden
Karley,Haley
Porter,Tremblay
Michaela,Graham
Justus,Denesik
Lesley,Davis
Eveline,Grimes
Leanna,Metz
Ocie,Brown
Rashawn,Prohaska
Maxie,Bosco
Dell,Dicki
Jorge,Rolfson
Johann,Nienow
Arvel,Rosenbaum
Elsa,Barton
Muriel,Hilpert
Paxton,Rippin
Elisa,Schuppe
Roslyn,Schneider
Mazie,Welch
Liza,Nicolas
Joelle,Ziemann
Kadin,Borer
Graham,Nicolas
Cooper,Stamm
Karlee,Hudson
Alexandra,Metz
Gabe,Little
Alphonso,Pouros
Emilio,Cronin
Darrick,Hudson
Ryan,Feil
Kayden,Howell
Austin,Hermiston
Corbin,Jacobs
Alfredo,Walker
Briana,O'Keefe
Orie,Barrows
Veda,Schowalter
Linwood,Klocko
Wilburn,Legros
Ila,Nicolas
Gunner,Bartell
Drew,Hyatt
Brooks,Hackett
Nicholas,Kassulke
Dimitri,Hintz
Israel,Sanford
Lilliana,Ritchie
Alexandrea,Herman
Keira,Nikolaus
Maureen,Konopelski
Howard,Turcotte
Angelina,Mertz
Andres,Donnelly
Kelsie,Cronin
Vernice,Keebler
Urban,Stroman
Ted,Harvey
Kayden,Hegmann
Alexa,Abernathy
Lauretta,Zieme
Chanel,Upton
Reyes,Weber
Kylee,Effertz
Leopoldo,Kuhlman
Aisha,Luettgen
Kiara,Gorczany
Pietro,Graham
Monty,Bernhard
Shaun,Boehm
Eldred,Rodriguez
Adah,Gottlieb
Alayna,Howell
Raul,Pfeffer
Garret,Emmerich
Thad,O'Kon
Judson,Jerde
Michele,Dicki
Marisa,Bashirian
Sage,Keebler
Alfreda,Dibbert
Esther,Kiehn
Benedict,Haag
Amalia,Goldner
Columbus,Weber
Buddy,Leffler
Demarco,Nicolas
Carmela,Erdman
Chanelle,Runolfsdottir
Jazmyne,Kuhn
Mckenna,O'Hara
Mckenna,White
Haylee,Jakubowski
Layne,Orn
Larissa,Treutel
Valerie,Raynor
Jasper,Rempel
Ian,Steuber
Ettie,Wiegand
Gianni,Kassulke
Preston,Ziemann
Flo,Veum
Rodolfo,Towne
Adell,Kautzer
Serena,Botsford
Berniece,Lehner
Jennyfer,Hyatt
Taya,Barton
Elsie,Durgan
Myrtis,Ferry
Nona,Daugherty
Vern,Senger
Libby,Nolan
Della,Turcotte
Darby,Kihn
Javon,Fadel
Rocky,Schneider
Clovis,Gleichner
Elvis,Orn
Frederique,Zboncak
Cruz,Kuphal
Leanna,Hickle
Bell,Stanton
Timothy,Kreiger
Lindsay,Champlin
Mohammed,Reichel
Alexa,Zboncak
Fiona,Weber
Hiram,Hermann
Melyssa,Rosenbaum
Dariana,Littel
Omari,Buckridge
Vern,Homenick
Beth,Terry
Summer,Yost
Brant,Zulauf
Quentin,Volkman
Octavia,Yost
Alana,Smitham
Hassie,Kerluke
Lorna,Hills
Khalil,Lueilwitz
Bette,Ritchie
Adelbert,Upton
Cordelia,Bashirian
Bartholome,King
Arnulfo,Johns
Audra,Schulist
Nat,Conroy
Chase,Bogisich
Clyde,Osinski
Hudson,West
Trevor,Bednar
Myrtle,Purdy
Oda,Pacocha
Amelia,Block
Claude,Bruen
Mathias,Sauer
Bobby,Fay
Howard,Runte
Rosetta,Sanford
Kira,Swaniawski
Silas,Smith
Ismael,Streich
Kaya,Bradtke
Conrad,Johnson
Niko,Mills
Angelina,Hansen
Abelardo,Rath
Lucinda,Halvorson
Belle,Keeling
Jamaal,Goodwin
Marjorie,Schuster
Bryana,Feil
Edna,Barrows
Emmalee,Kilback
Gideon,Weissnat
Veronica,Bergnaum
Horace,Mann
Britney,Klein
Lexi,Haley
Berniece,Turcotte
Zechariah,D'Amore
Alysha,Lang
Breanne,Ferry
Jonatan,Kub
Jan,Kunze
Ilene,Lehner
Dexter,Schuppe
Baby,Bailey
Winston,Beatty
Eddie,Sauer
Orville,Schumm
Porter,Reynolds
Mittie,Bednar
Anabelle,King
Garth,McCullough
Josue,Nikolaus
Elnora,Barton
Leann,Stiedemann
Beaulah,Hand
Jeff,Jaskolski
Madie,Hermann
Gerry,Cruickshank
Emie,Carter
Leda,Ernser
Wilford,Johnston
Sylvia,Rolfson
Tom,Kuhic
Marcella,Barrows
Richmond,Hartmann
Edgardo,Raynor
Ashtyn,Huels
Lonnie,Pacocha
Imelda,Bernier
Davion,Botsford
Josie,Yost
Corine,Price
Obie,Morissette
Aglae,Reichert
Chelsey,Kris
Kailee,Stanton
Tara,McGlynn
Yessenia,Wolf
Wilbert,Wolff
Maybelle,Marquardt
Toney,Davis
Thalia,Padberg
Mallie,Carter
Enoch,Bednar
Brielle,Moore
Cassidy,Von
Clement,Stamm
Joelle,Lockman
Gladys,Hartmann
Enola,Pollich
Bertram,Roberts
Sadie,Blanda
Araceli,Nolan
Angela,Kling
Rex,Murphy
Griffin,Rempel
Louvenia,Lind
Callie,Boyer
Nya,King
Jonathan,Deckow
Wilfredo,Watsica
Travon,Thompson
Raphael,Murray
Emmanuelle,Casper
Amaya,Larson
Ollie,Jacobs
Jordane,Hudson
Bernhard,Padberg
Giovanni,Windler
Carmelo,Marquardt
Tiffany,Ritchie
Marquise,Cartwright
Kasey,Donnelly
Kraig,Cruickshank
Cale,Carter
Oren,Hyatt
Karine,Wintheiser
Eric,Kunde
Roy,Walsh
Samir,Durgan
Scottie,West
Nolan,Emmerich
Grace,Hirthe
Bernie,Ruecker
Maribel,Barton
Ron,Haley
Elyse,Kertzmann
Christian,Jones
Aniya,Ortiz
Ressie,Schaden
Deshawn,Schumm
Clifford,Schowalter
Norwood,Gottlieb
Jedidiah,Morar
Misael,Dicki
Ansel,Brown
Kaylah,Davis
Emmy,Wiza
Bailey,Dibbert
Will,Reichert
Buck,Mann
Ivy,Schiller
Shad,Sipes
Orville,Hilpert
Jalyn,Hyatt
Emma,Conn
Antonietta,Jerde
Jaydon,Howell
Kelsi,Hagenes
Ettie,Barton
Christian,Auer
Dariana,Schumm
Juliana,Thiel
Anne,Nitzsche
Domenick,Dare
Flossie,Kiehn
Brionna,Sporer
Louvenia,Windler
Tanner,Hintz
Heber,Bauch
Clinton,Considine
Harmony,Krajcik
Conner,Howe
Enid,Hagenes
Miguel,Sporer
Clementine,Hirthe
Aaliyah,Nitzsche
Valentina,Hintz
Guiseppe,Hansen
Harold,Gottlieb
Angus,Champlin
Sigurd,Ryan
Carey,Harber
Betsy,Nienow
Shanelle,Langworth
Candace,Hilll
Jamir,Okuneva
Mattie,Dooley
Darron,Ledner
Abdiel,Legros
Zoe,Renner
Mariah,Donnelly
Rose,Pollich
Elisha,Lueilwitz
Mariam,Fay
Adriel,Dicki
Louisa,Bins
Violette,Ferry
Arne,Langosh
Marquis,Rau
Jaclyn,Marvin
Hobart,Weber
Alex,Moen
Kendra,Collier
Emilio,Thiel
Devon,Mosciski
Kale,Terry
Rodger,Herzog
Jamison,Durgan
Dena,Rolfson
Lou,Roberts
Jasper,Hintz
Royal,Hintz
Maurine,Zboncak
Mckenna,Auer
Johanna,Parisian
Raegan,Swaniawski
Maeve,Yost
Dolly,Raynor
Anya,Bruen
Agustin,White
Gregg,Streich
Jade,Koch
Kendra,O'Kon
Arnoldo,Tremblay
Eunice,Champlin
Korbin,Sanford
Emerson,Dietrich
Demetris,Barton
Cassandra,Bailey
Israel,Wiegand
Lennie,Heaney
Bobbie,Cassin
Winston,Powlowski
Jeremy,Effertz
Zelma,Runolfsson
Gus,Collins
Lurline,Metz
Neha,Jewess
Cristian,O'Reilly
Alycia,Nicolas
Laron,Altenwerth
Darrion,Ledner
Caden,Hahn
Dorian,Gottlieb
Stanley,O'Hara
Graciela,Kutch
Ludie,Sipes
Glenna,Bins
Francesco,Quitzon
Julianne,Kling
Carolyn,McCullough
Hal,Kemmer
Norene,Sauer
Germaine,Crooks
Jody,Thiel
Nichole,Flatley
Maynard,Little
Jacquelyn,Gislason
Carey,Swift
Monte,Hettinger
Leo,Dooley
Jovan,Schroeder
Toby,Sporer
Jacquelyn,Herzog
Rhianna,Ullrich
Jeramy,Toy
Alexandria,Emmerich
Greta,Hudson
Sydney,Sporer
Milan,Mante
Manuela,Bernhard
Peggie,Kris
Isom,Mitchell
Carter,Hoppe
Pat,Ward
Josefa,O'Kon
Chandler,Wolf
Cleve,Beahan
Maye,Christiansen
Diego,Ortiz
Ansley,Johnston
Sophia,Deckow
Juvenal,Bauch
Alysson,Gorczany
Naomie,Sanford
Aryanna,Doyle
Raymond,Tromp
Frederic,Gutmann
Gail,Volkman
Joyce,Parker
Milo,Carter
Larry,Williamson
Shawn,Kreiger
Una,Sauer
Lois,Ferry
Heber,Carroll
Cortez,Wehner
Tomasa,Oberbrunner
Braxton,Wiegand
Gregory,Luettgen
Perry,Koch
Maximillia,Schimmel
Lester,Schowalter
Timmothy,Howe
Mathilde,Kozey
Glenna,Upton
Alphonso,Monahan
Claud,Bins
Talia,Swaniawski
Ivory,McCullough
Krystal,Larson
Vinnie,Strosin
Salma,Deckow
Alphonso,Vandervort
Carolina,Johnson
Dejuan,Mayert
Antwan,Funk
Nolan,Will
Cameron,Brown
Benton,Stroman
Jedidiah,Douglas
Adriana,Littel
Moshe,Gleason
Eleazar,Mosciski
Amparo,Pacocha
Pamela,Stroman
Madison,Heidenreich
Grover,Bauch
Herminio,Reinger
Nathanial,Shanahan
Harrison,Schultz
Maryjane,Lang
Terrell,Smith
Roy,Deckow
Arnulfo,Hills
Sabina,Hickle
Bertram,Schuster
Trevion,Stokes
Ezra,Borer
Filiberto,Carter
Monserrat,Rippin
Trace,Abernathy
Herman,Nienow
Yvonne,Schuster
Lois,Zulauf
Marion,Nitzsche
Verda,Weissnat
Aiden,Lockman
Billie,Grant
Karianne,Beer
Alice,Barrows
Sedrick,Feil
Sean,Bartoletti
Danika,Davis
Wiley,Toy
Derick,Gutmann
Citlalli,Klocko
Junior,Olson
Jamison,Mann
Dolores,Stiedemann
Ettie,Lueilwitz
Tressie,Jast
Cordia,Stanton
Orion,Hessel
Donald,Keebler
Ebony,Robel
Dayna,Gerlach
Darrell,Bode
Vergie,Torphy
Shaun,King
Jamel,Fadel
Karen,Prohaska
Albert,Feest
Sally,Jones
Brent,McDermott
Richie,Trantow
Lance,Mosciski
Lennie,O'Keefe
Edison,Trantow
Braeden,Sanford
Giles,Jerde
Joshuah,Price
Harvey,Boyer
Elvera,Kutch
Kristin,Koch
Karianne,Abshire
Roger,Marks
Sherman,Keeling
Shyanne,Dare
Brent,Nader
Kayli,O'Conner
Garret,O'Conner
Sylvia,Smitham
Leif,Grant
Kendrick,Batz
Herbert,Roberts
Obie,Lubowitz
Antonia,Pacocha
Theo,Schamberger
Turner,Casper
Iva,Rippin
Haskell,Mraz
Alexandre,Runolfsson
Quinton,Hahn
Jennifer,Bins
Turner,Kuhlman
Theodore,Reichel
Werner,Williamson
Rodolfo,Haley
Mohamed,Russel
Joshuah,Jenkins
Ashtyn,Langosh
Arturo,Jerde
Nya,Volkman
Camron,Kessler
Reva,Sipes
Guido,Rosenbaum
Jamal,Schmitt
Rey,Pfannerstill
Lonnie,Corwin
Reuben,Metz
Amiya,Jenkins
Wyatt,Kunze
Lexie,Corkery
Naomie,Toy
Vito,Lemke
Perry,Bruen
Marianna,Botsford
Olga,Cormier
Elizabeth,O'Keefe
Cassandra,Stoltenberg
Chance,Gutkowski
Ezequiel,Bashirian
Rupert,Hand
Anna,Cummerata
Muriel,Hansen
Mae,Sauer
Gilberto,Nader
Roel,Kautzer
Wayne,Ortiz
Rylee,O'Hara
Arthur,Nolan
Karli,Gislason
Daryl,Wiegand
Lexus,Bogisich
Gerardo,Stamm
Kyra,Parker
Lori,Rodriguez
Heidi,Dicki
Lucie,Ankunding
Benjamin,Dickens
Yadira,Mosciski
Dino,Ratke
Dovie,Beier
Thea,Weber
Isaiah,Zulauf
Lavern,Reinger
Hadley,Quigley
Abdullah,Hand
Stan,Weber
Logan,Mante
Austyn,Casper
Natalia,Robel
Houston,Waelchi
Holly,Stamm
Matilde,Schneider
Josefa,Hand
Jeremie,Gislason
Haylee,Labadie
Vicky,Hickle
Eleanora,Volkman
Isabell,Rogahn
Arely,Grady
Susana,Beahan
Emely,Murray
Mitchel,Kuvalis
Buster,Bashirian
Jules,Baumbach
Andre,Paucek
Pearlie,Huels
Joyce,Schinner
Stewart,Ankunding
Alisha,Howell
Karli,Greenfelder
Leonard,Langosh
Ewald,Hermiston
Carey,Kshlerin
Tavares,Berge
Travon,Shanahan
Jerrod,Brown
Levi,Erdman
Philip,Cremin
Cletus,Hettinger
Ludie,Lubowitz
Mateo,Stamm
Korbin,Bechtelar
Arvid,Howe
Leopold,Torp
Pamela,Hyatt
Ruben,Bogan
Kayden,Sauer
Zelda,Macejkovic
Lavonne,Wisozk
Bonnie,Funk
Gabriella,Ratke
Letha,Connelly
Franco,Thiel
Khalid,Breitenberg
Bernadine,Kirlin
Henry,Rempel
Hollie,Hessel
Cyrus,Stanton
Ubaldo,Dare
Eliezer,Hoppe
Mckayla,Reynolds
Adolph,DuBuque
Tatyana,Russel
Gloria,Borer
Luis,Crist
Mary,Parker
Ima,Walter
Alba,Bogan
Taryn,Kertzmann
Jake,Gorczany
Gardner,Beier
Darian,Ritchie
Rogers,Leffler
Rosetta,Simonis
Owen,Shields
Judd,Ferry
Dimitri,Marquardt
Dale,Koepp
Eda,Hackett
Hugh,Rice
Jennyfer,Runte
Scottie,Tillman
Levi,Brakus
Seamus,Runolfsson
Fausto,Herman
Matilda,Koch
Neoma,Trantow
Hipolito,Bogisich
Lottie,Kessler
Monroe,Hodkiewicz
Quentin,Gleason
Beth,Emard
Hope,McDermott
Demetris,Franecki
Hilton,Schulist
Christiana,Hammes
Allene,Farrell
Barbara,Wintheiser
Kelsie,Schmidt
Alessandro,Greenfelder
Kelley,Kreiger
Giovani,Rutherford
Lorenzo,Weimann
Duncan,Block
Fabian,Stamm
Skylar,Rempel
Madilyn,Bernier
Leann,Parisian
Ryley,Spinka
Marcella,Block
Ophelia,Rodriguez
Samara,Halvorson
Marc,Nienow
Natalia,Feeney
Cordie,Barrows
Lesly,Reichel
Koby,Cremin
Tina,Herman
Magdalena,Beier
Aliza,Lowe
Clarissa,Gibson
Annetta,Rempel
Leslie,Champlin
Taryn,Hilll
Everett,Ankunding
Ellsworth,Kihn
Brendon,Hamill
Brandon,Pagac
Damion,Barrows
Carolyn,Blanda
Alexandra,Balistreri
Roel,Wunsch
Brycen,Kshlerin
Jovany,Hackett
Kelton,Schuster
Freeman,Steuber
Danielle,Herman
Rashawn,Smitham
Zackery,Leffler
Eloisa,Kerluke
Julius,Schamberger
Wallace,Terry
Martine,Krajcik
Kacey,Wilderman
Emile,Stanton
Werner,Botsford
Leila,Gorczany
Andres,Batz
Karelle,Volkman
Antwon,Vandervort
Eleanora,McDermott
Tillman,Bins
Myrtle,Lind
Tyshawn,Jacobs
Rick,Raynor
Kenna,Rosenbaum
Samanta,Mann
Hope,Fritsch
Delilah,Bogisich
Emmalee,Murray
Reilly,Rath
Lempi,Kunde
Gretchen,Schamberger
Athena,Grimes
Marta,Balistreri
Dolly,Baumbach
Gaston,Stamm
Donnie,Labadie
Sheldon,Terry
Christa,Cormier
Pierce,Tromp
Hermina,Kiehn
Raheem,Hilpert
Logan,Hirthe
Mckayla,Jenkins
Giovani,Rosenbaum
Lydia,Howe
Amaya,Reilly
Roman,Mueller
Odessa,Goodwin
Ines,McKenzie
Tanya,Trantow
Jordyn,Schulist
Warren,Jacobson
Kristofer,Cronin
Andrew,White
Georgette,Pagac
Drake,O'Connell
Dorthy,Bechtelar
Brook,Schulist
Patience,Schuster
Kimberly,Ryan
Nikko,Bauch
Teresa,Harvey
Kristoffer,O'Hara
Oda,Lebsack
Consuelo,Tillman
Kamron,Upton
Jakob,Fritsch
Yasmeen,Walter
Lysanne,Gusikowski
Armani,Sipes
Ellie,Wintheiser
Augustine,Moen
Favian,Predovic
Sydney,Watsica
Amelie,Rohan
Bonnie,Muller
Herta,Ritchie
Melyna,Connelly
Ari,Moen
Magnus,Schaden
Mose,Fay
Della,Wolff
Blake,Marvin
Eliane,Hudson
Colton,White
Brendan,Feil
Claudine,Carroll
Lindsey,VonRueden
Darby,Hane
Coralie,Gerlach
Astrid,Veum
Jacky,Bruen
Odie,Dare
Florencio,McCullough
Fred,Harber
Darius,Jakubowski
Cydney,Senger
Paul,Towne
Sven,Cummerata
Ole,Reynolds
Eleanora,Hegmann
Braulio,Lebsack
Johnathan,Herman
Rita,Boyle
Immanuel,Schulist
Salma,Balistreri
Alvena,Runolfsdottir
Chanel,Kuhn
Jessy,Parisian
Zena,Homenick
Blaise,Hamill
Alvah,Adams
Lola,Runte
Torey,Bailey
Frederique,Wolff
Eleonore,Flatley
Queenie,Koepp
Trent,Rippin
Miracle,Hoppe
Kristy,Heller
Eladio,Bernhard
Mittie,Ziemann
Erling,Emmerich
Ellen,Harris
Una,Kihn
Abe,Jaskolski
Vance,Kshlerin
Demarco,Jacobi
Easton,Howell
Alexzander,Gutkowski
Alena,Hilll
Carmelo,Littel
Kris,Herman
Jordyn,Moen
Mikayla,Harris
Krista,Nader
Keegan,Kozey
Garth,Lesch
Leonora,Medhurst
Pattie,Morissette
Ernie,Bauch
Dudley,Schulist
Velma,Denesik
Madeline,Robel
Marcella,Schimmel
Steve,Hodkiewicz
Jordane,Davis
Makenna,Schumm
Rocio,Ryan
Ettie,Schroeder
Jeffry,Stokes
Keira,Von
Jamar,Maggio
Blake,Wilderman
Angelina,Stamm
Dino,Botsford
Diamond,Collins
Omari,Keebler
Jerrod,Kunde
Alessia,Wisoky
Kailey,Ortiz
Sharon,Bogan
Susie,Borer
Adeline,Gorczany
Otilia,Beier
Alexane,Kshlerin
Ambrose,McDermott
Mireya,Rolfson
Sanford,West
Chloe,Barton
Ressie,Ankunding
Alfonzo,Terry
Justen,Kutch
Earnest,Howell
Dustin,Ritchie
Mariano,Kemmer
Dahlia,Heathcote
Conrad,Collins
Fausto,Daugherty
Hermina,Turner
Junius,Feest
Elta,Wuckert
Leonora,Reinger
